-- phpMyAdmin SQL Dump
-- version 5.0.1
-- https://www.phpmyadmin.net/
--
-- Host: 127.0.0.1
-- Generation Time: Jun 14, 2021 at 07:50 PM
-- Server version: 10.4.11-MariaDB
-- PHP Version: 7.4.2

SET SQL_MODE = "NO_AUTO_VALUE_ON_ZERO";
SET AUTOCOMMIT = 0;
START TRANSACTION;
SET time_zone = "+00:00";


/*!40101 SET @OLD_CHARACTER_SET_CLIENT=@@CHARACTER_SET_CLIENT */;
/*!40101 SET @OLD_CHARACTER_SET_RESULTS=@@CHARACTER_SET_RESULTS */;
/*!40101 SET @OLD_COLLATION_CONNECTION=@@COLLATION_CONNECTION */;
/*!40101 SET NAMES utf8mb4 */;

--
-- Database: `kursus`
--

-- --------------------------------------------------------

--
-- Table structure for table `absensi`
--

CREATE TABLE `absensi` (
  `id` int(10) UNSIGNED NOT NULL,
  `kursus_id` int(10) UNSIGNED NOT NULL,
  `tanggal_masuk` date NOT NULL,
  `status` enum('hadir','izin','tidak') COLLATE utf8mb4_unicode_ci NOT NULL
) ENGINE=MyISAM DEFAULT CHARSET=utf8mb4 COLLATE=utf8mb4_unicode_ci;

--
-- Dumping data for table `absensi`
--

INSERT INTO `absensi` (`id`, `kursus_id`, `tanggal_masuk`, `status`) VALUES
(2, 1, '2019-10-09', 'hadir'),
(3, 1, '2019-10-10', 'hadir'),
(4, 1, '2019-10-11', 'hadir'),
(6, 1, '2019-10-14', 'hadir'),
(7, 1, '2019-10-15', 'hadir'),
(8, 1, '2019-10-16', 'hadir'),
(9, 1, '2019-10-17', 'hadir'),
(10, 1, '2019-10-18', 'hadir'),
(11, 2, '2019-10-11', 'hadir'),
(12, 2, '2019-10-12', 'hadir'),
(13, 2, '2019-10-14', 'hadir'),
(14, 2, '2019-10-15', 'hadir'),
(15, 2, '2019-10-16', 'hadir'),
(16, 2, '2019-10-17', 'hadir'),
(17, 2, '2019-10-18', 'hadir'),
(18, 2, '2019-10-19', 'hadir'),
(19, 2, '2019-10-21', 'hadir'),
(20, 2, '2019-10-22', 'hadir'),
(21, 3, '2019-10-12', 'hadir'),
(22, 3, '2019-10-14', 'hadir'),
(23, 3, '2019-10-15', 'hadir'),
(24, 3, '2019-10-16', 'hadir'),
(25, 3, '2019-10-17', 'hadir'),
(26, 3, '2019-10-18', 'hadir'),
(27, 3, '2019-10-19', 'hadir'),
(28, 3, '2019-10-21', 'hadir'),
(29, 3, '2019-10-22', 'hadir'),
(30, 3, '2019-10-23', 'hadir'),
(31, 4, '2019-10-14', 'hadir'),
(32, 4, '2019-10-15', 'hadir'),
(33, 4, '2019-10-16', 'hadir'),
(34, 4, '2019-10-17', 'hadir'),
(35, 4, '2019-10-18', 'hadir'),
(36, 4, '2019-10-19', 'hadir'),
(37, 4, '2019-10-21', 'hadir'),
(38, 4, '2019-10-22', 'hadir'),
(39, 4, '2019-10-23', 'hadir'),
(40, 4, '2019-10-24', 'hadir'),
(41, 5, '2019-10-16', 'hadir'),
(42, 5, '2019-10-17', 'hadir'),
(43, 5, '2019-10-18', 'hadir'),
(44, 5, '2019-10-19', 'hadir'),
(45, 5, '2019-10-21', 'hadir'),
(46, 5, '2019-10-22', 'hadir'),
(47, 5, '2019-10-23', 'hadir'),
(48, 5, '2019-10-24', 'hadir'),
(49, 5, '2019-10-25', 'hadir'),
(50, 5, '2019-10-26', 'hadir'),
(51, 6, '2019-10-11', 'hadir'),
(52, 6, '2019-10-12', 'hadir'),
(53, 6, '2019-10-14', 'hadir'),
(54, 6, '2019-10-15', 'hadir'),
(55, 6, '2019-10-16', 'hadir'),
(56, 6, '2019-10-17', 'hadir'),
(57, 6, '2019-10-18', 'hadir'),
(58, 6, '2019-10-19', 'hadir'),
(59, 6, '2019-10-21', 'hadir'),
(60, 6, '2019-10-22', 'hadir'),
(61, 7, '2019-10-12', 'hadir'),
(62, 7, '2019-10-14', 'hadir'),
(63, 7, '2019-10-15', 'hadir'),
(64, 7, '2019-10-16', 'hadir'),
(65, 7, '2019-10-17', 'hadir'),
(66, 7, '2019-10-18', 'hadir'),
(67, 7, '2019-10-19', 'hadir'),
(68, 7, '2019-10-21', 'hadir'),
(69, 7, '2019-10-22', 'hadir'),
(70, 7, '2019-10-23', 'hadir'),
(71, 8, '2019-10-12', 'hadir'),
(72, 8, '2019-10-14', 'hadir'),
(73, 8, '2019-10-15', 'hadir'),
(74, 8, '2019-10-16', 'hadir'),
(75, 8, '2019-10-17', 'hadir'),
(76, 8, '2019-10-18', 'hadir'),
(77, 8, '2019-10-19', 'hadir'),
(78, 8, '2019-10-21', 'hadir'),
(79, 8, '2019-10-22', 'hadir'),
(80, 8, '2019-10-23', 'hadir'),
(81, 9, '2019-10-12', 'hadir'),
(82, 9, '2019-10-14', 'hadir'),
(83, 9, '2019-10-15', 'hadir'),
(84, 9, '2019-10-16', 'hadir'),
(85, 9, '2019-10-17', 'hadir'),
(86, 9, '2019-10-18', 'hadir'),
(87, 9, '2019-10-19', 'hadir'),
(88, 9, '2019-10-21', 'hadir'),
(89, 9, '2019-10-22', 'hadir'),
(90, 9, '2019-10-23', 'hadir'),
(91, 10, '2019-10-14', 'hadir'),
(92, 10, '2019-10-15', 'hadir'),
(93, 10, '2019-10-16', 'hadir'),
(94, 10, '2019-10-17', 'hadir'),
(95, 10, '2019-10-18', 'hadir'),
(96, 10, '2019-10-19', 'hadir'),
(97, 10, '2019-10-21', 'hadir'),
(98, 10, '2019-10-22', 'hadir'),
(99, 10, '2019-10-23', 'hadir'),
(100, 10, '2019-10-24', 'hadir'),
(101, 11, '2019-10-14', 'hadir'),
(102, 11, '2019-10-15', 'hadir'),
(103, 11, '2019-10-16', 'hadir'),
(104, 11, '2019-10-17', 'hadir'),
(105, 11, '2019-10-18', 'hadir'),
(106, 11, '2019-10-19', 'hadir'),
(107, 11, '2019-10-21', 'hadir'),
(108, 11, '2019-10-22', 'hadir'),
(109, 11, '2019-10-23', 'hadir'),
(110, 11, '2019-10-24', 'hadir'),
(111, 12, '2019-10-14', 'hadir'),
(112, 12, '2019-10-15', 'hadir'),
(113, 12, '2019-10-16', 'hadir'),
(114, 12, '2019-10-17', 'hadir'),
(115, 12, '2019-10-18', 'hadir'),
(116, 12, '2019-10-19', 'hadir'),
(117, 12, '2019-10-21', 'hadir'),
(118, 12, '2019-10-22', 'hadir'),
(119, 12, '2019-10-23', 'hadir'),
(120, 12, '2019-10-24', 'hadir'),
(121, 13, '2019-10-02', 'hadir'),
(122, 13, '2019-10-03', 'hadir'),
(123, 13, '2019-10-04', 'hadir'),
(124, 13, '2019-10-05', 'hadir'),
(125, 13, '2019-10-07', 'hadir'),
(126, 13, '2019-10-08', 'hadir'),
(127, 13, '2019-10-09', 'hadir'),
(128, 13, '2019-10-10', 'hadir'),
(129, 13, '2019-10-11', 'hadir'),
(130, 13, '2019-10-12', 'hadir'),
(131, 14, '2019-10-15', 'hadir'),
(132, 14, '2019-10-16', 'hadir'),
(133, 14, '2019-10-17', 'hadir'),
(134, 14, '2019-10-18', 'hadir'),
(135, 14, '2019-10-19', 'hadir'),
(136, 14, '2019-10-21', 'hadir'),
(137, 14, '2019-10-22', 'hadir'),
(138, 14, '2019-10-23', 'hadir'),
(139, 14, '2019-10-24', 'hadir'),
(140, 14, '2019-10-25', 'hadir'),
(141, 15, '2019-10-17', 'hadir'),
(142, 15, '2019-10-18', 'hadir'),
(143, 15, '2019-10-19', 'hadir'),
(144, 15, '2019-10-21', 'hadir'),
(145, 15, '2019-10-22', 'hadir'),
(146, 15, '2019-10-23', 'hadir'),
(147, 15, '2019-10-24', 'hadir'),
(148, 15, '2019-10-25', 'hadir'),
(149, 15, '2019-10-26', 'hadir'),
(150, 15, '2019-10-28', 'hadir'),
(151, 16, '2019-10-17', 'hadir'),
(152, 16, '2019-10-18', 'hadir'),
(153, 16, '2019-10-19', 'hadir'),
(154, 16, '2019-10-21', 'hadir'),
(155, 16, '2019-10-22', 'hadir'),
(156, 16, '2019-10-23', 'hadir'),
(157, 16, '2019-10-24', 'hadir'),
(158, 16, '2019-10-25', 'hadir'),
(159, 16, '2019-10-26', 'hadir'),
(160, 16, '2019-10-28', 'hadir'),
(161, 17, '2019-10-18', 'hadir'),
(162, 17, '2019-10-19', 'hadir'),
(163, 17, '2019-10-21', 'hadir'),
(164, 17, '2019-10-22', 'hadir'),
(165, 17, '2019-10-23', 'hadir'),
(166, 17, '2019-10-24', 'hadir'),
(167, 17, '2019-10-25', 'hadir'),
(168, 17, '2019-10-26', 'hadir'),
(169, 17, '2019-10-28', 'hadir'),
(170, 17, '2019-10-29', 'hadir'),
(171, 18, '2019-10-14', 'hadir'),
(172, 18, '2019-10-15', 'hadir'),
(173, 18, '2019-10-16', 'hadir'),
(174, 18, '2019-10-17', 'hadir'),
(175, 18, '2019-10-18', 'hadir'),
(176, 18, '2019-10-19', 'hadir'),
(177, 18, '2019-10-21', 'hadir'),
(178, 18, '2019-10-22', 'hadir'),
(179, 18, '2019-10-23', 'hadir'),
(180, 18, '2019-10-24', 'hadir'),
(181, 19, '2019-10-18', 'hadir'),
(182, 19, '2019-10-19', 'hadir'),
(183, 19, '2019-10-21', 'hadir'),
(184, 19, '2019-10-22', 'hadir'),
(185, 19, '2019-10-23', 'hadir'),
(186, 19, '2019-10-24', 'hadir'),
(187, 19, '2019-10-25', 'hadir'),
(188, 19, '2019-10-26', 'hadir'),
(189, 19, '2019-10-28', 'hadir'),
(190, 19, '2019-10-29', 'hadir'),
(191, 20, '2019-10-18', 'hadir'),
(192, 20, '2019-10-19', 'hadir'),
(193, 20, '2019-10-21', 'hadir'),
(194, 20, '2019-10-22', 'hadir'),
(195, 20, '2019-10-23', 'hadir'),
(196, 20, '2019-10-24', 'hadir'),
(197, 20, '2019-10-25', 'hadir'),
(198, 20, '2019-10-26', 'hadir'),
(199, 20, '2019-10-28', 'hadir'),
(200, 20, '2019-10-29', 'hadir'),
(201, 21, '2019-10-18', 'hadir'),
(202, 21, '2019-10-19', 'hadir'),
(203, 21, '2019-10-21', 'hadir'),
(204, 21, '2019-10-22', 'hadir'),
(205, 21, '2019-10-23', 'hadir'),
(206, 21, '2019-10-24', 'hadir'),
(207, 21, '2019-10-25', 'hadir'),
(208, 21, '2019-10-26', 'hadir'),
(209, 21, '2019-10-28', 'hadir'),
(210, 21, '2019-10-29', 'hadir'),
(211, 22, '2019-10-19', 'hadir'),
(212, 22, '2019-10-21', 'hadir'),
(213, 22, '2019-10-22', 'hadir'),
(214, 22, '2019-10-23', 'hadir'),
(215, 22, '2019-10-24', 'hadir'),
(216, 22, '2019-10-25', 'hadir'),
(217, 22, '2019-10-26', 'hadir'),
(218, 22, '2019-10-28', 'hadir'),
(219, 22, '2019-10-29', 'hadir'),
(220, 22, '2019-10-30', 'hadir'),
(221, 23, '2019-10-19', 'hadir'),
(222, 23, '2019-10-21', 'hadir'),
(223, 23, '2019-10-22', 'hadir'),
(224, 23, '2019-10-23', 'hadir'),
(225, 23, '2019-10-24', 'hadir'),
(226, 23, '2019-10-25', 'hadir'),
(227, 23, '2019-10-26', 'hadir'),
(228, 23, '2019-10-28', 'hadir'),
(229, 23, '2019-10-29', 'hadir'),
(230, 23, '2019-10-30', 'hadir'),
(231, 24, '2019-10-19', 'hadir'),
(232, 24, '2019-10-21', 'hadir'),
(233, 24, '2019-10-22', 'hadir'),
(234, 24, '2019-10-23', 'hadir'),
(235, 24, '2019-10-24', 'hadir'),
(236, 24, '2019-10-25', 'hadir'),
(237, 24, '2019-10-26', 'hadir'),
(238, 24, '2019-10-28', 'hadir'),
(239, 24, '2019-10-29', 'hadir'),
(240, 24, '2019-10-30', 'hadir'),
(241, 25, '2019-10-21', 'hadir'),
(242, 25, '2019-10-22', 'hadir'),
(243, 25, '2019-10-23', 'hadir'),
(244, 25, '2019-10-24', 'hadir'),
(245, 25, '2019-10-25', 'hadir'),
(246, 25, '2019-10-26', 'hadir'),
(247, 25, '2019-10-28', 'hadir'),
(248, 25, '2019-10-29', 'hadir'),
(249, 25, '2019-10-30', 'hadir'),
(250, 25, '2019-10-31', 'hadir'),
(251, 26, '2019-10-21', 'hadir'),
(252, 26, '2019-10-22', 'hadir'),
(253, 26, '2019-10-23', 'hadir'),
(254, 26, '2019-10-24', 'hadir'),
(255, 26, '2019-10-25', 'hadir'),
(256, 26, '2019-10-26', 'hadir'),
(257, 26, '2019-10-28', 'hadir'),
(258, 26, '2019-10-29', 'hadir'),
(259, 26, '2019-10-30', 'hadir'),
(260, 26, '2019-10-31', 'hadir'),
(261, 27, '2019-10-21', 'hadir'),
(262, 27, '2019-10-22', 'hadir'),
(263, 27, '2019-10-23', 'hadir'),
(264, 27, '2019-10-24', 'hadir'),
(265, 27, '2019-10-25', 'hadir'),
(266, 27, '2019-10-26', 'hadir'),
(267, 27, '2019-10-28', 'hadir'),
(268, 27, '2019-10-29', 'hadir'),
(269, 27, '2019-10-30', 'hadir'),
(270, 27, '2019-10-31', 'hadir'),
(271, 28, '2019-10-22', 'hadir'),
(272, 28, '2019-10-23', 'hadir'),
(273, 28, '2019-10-24', 'hadir'),
(274, 28, '2019-10-25', 'hadir'),
(275, 28, '2019-10-26', 'hadir'),
(276, 28, '2019-10-28', 'hadir'),
(277, 28, '2019-10-29', 'hadir'),
(278, 28, '2019-10-30', 'hadir'),
(279, 28, '2019-10-31', 'hadir'),
(280, 28, '2019-11-01', 'hadir'),
(281, 29, '2019-10-25', 'hadir'),
(282, 29, '2019-10-26', 'hadir'),
(283, 29, '2019-10-28', 'hadir'),
(284, 29, '2019-10-29', 'hadir'),
(285, 29, '2019-10-30', 'hadir'),
(286, 29, '2019-10-31', 'hadir'),
(287, 29, '2019-11-01', 'hadir'),
(288, 29, '2019-11-02', 'hadir'),
(289, 29, '2019-11-04', 'hadir'),
(290, 29, '2019-11-05', 'hadir'),
(291, 30, '2019-10-25', 'hadir'),
(292, 30, '2019-10-26', 'hadir'),
(293, 30, '2019-10-28', 'hadir'),
(294, 30, '2019-10-29', 'hadir'),
(295, 30, '2019-10-30', 'hadir'),
(296, 30, '2019-10-31', 'hadir'),
(297, 30, '2019-11-01', 'hadir'),
(298, 30, '2019-11-02', 'hadir'),
(299, 30, '2019-11-04', 'hadir'),
(300, 30, '2019-11-05', 'hadir'),
(301, 31, '2019-10-25', 'hadir'),
(302, 31, '2019-10-26', 'hadir'),
(303, 31, '2019-10-28', 'hadir'),
(304, 31, '2019-10-29', 'hadir'),
(305, 31, '2019-10-30', 'hadir'),
(306, 31, '2019-10-31', 'hadir'),
(307, 31, '2019-11-01', 'hadir'),
(308, 31, '2019-11-02', 'hadir'),
(309, 31, '2019-11-04', 'hadir'),
(310, 31, '2019-11-05', 'hadir'),
(311, 32, '2019-10-23', 'hadir'),
(312, 32, '2019-10-24', 'hadir'),
(313, 32, '2019-10-25', 'hadir'),
(314, 32, '2019-10-26', 'hadir'),
(315, 32, '2019-10-28', 'hadir'),
(316, 32, '2019-10-29', 'hadir'),
(317, 32, '2019-10-30', 'hadir'),
(318, 32, '2019-10-31', 'hadir'),
(319, 32, '2019-11-01', 'hadir'),
(320, 32, '2019-11-02', 'hadir'),
(321, 33, '2019-10-28', 'hadir'),
(322, 33, '2019-10-29', 'hadir'),
(323, 33, '2019-10-30', 'hadir'),
(324, 33, '2019-10-31', 'hadir'),
(325, 33, '2019-11-01', 'hadir'),
(326, 33, '2019-11-02', 'hadir'),
(327, 33, '2019-11-04', 'hadir'),
(328, 33, '2019-11-05', 'hadir'),
(329, 33, '2019-11-06', 'hadir'),
(330, 33, '2019-11-07', 'hadir'),
(331, 34, '2019-10-19', 'hadir'),
(332, 34, '2019-10-21', 'hadir'),
(333, 34, '2019-10-22', 'hadir'),
(334, 34, '2019-10-23', 'hadir'),
(335, 34, '2019-10-24', 'hadir'),
(336, 34, '2019-10-25', 'hadir'),
(337, 34, '2019-10-26', 'hadir'),
(338, 34, '2019-10-28', 'hadir'),
(339, 34, '2019-10-29', 'hadir'),
(340, 34, '2019-10-30', 'hadir'),
(341, 35, '2019-10-25', 'hadir'),
(342, 35, '2019-10-26', 'hadir'),
(343, 35, '2019-10-28', 'hadir'),
(344, 35, '2019-10-29', 'hadir'),
(345, 35, '2019-10-30', 'hadir'),
(346, 35, '2019-10-31', 'hadir'),
(347, 35, '2019-11-01', 'hadir'),
(348, 35, '2019-11-02', 'hadir'),
(349, 35, '2019-11-04', 'hadir'),
(350, 35, '2019-11-05', 'hadir'),
(351, 36, '2019-10-26', 'hadir'),
(352, 36, '2019-10-28', 'hadir'),
(353, 36, '2019-10-29', 'hadir'),
(354, 36, '2019-10-30', 'hadir'),
(355, 36, '2019-10-31', 'hadir'),
(356, 36, '2019-11-01', 'hadir'),
(357, 36, '2019-11-02', 'hadir'),
(358, 36, '2019-11-04', 'hadir'),
(359, 36, '2019-11-05', 'hadir'),
(360, 36, '2019-11-06', 'hadir'),
(361, 37, '2019-10-29', 'hadir'),
(362, 37, '2019-10-30', 'hadir'),
(363, 37, '2019-10-31', 'hadir'),
(364, 37, '2019-11-01', 'hadir'),
(365, 37, '2019-11-02', 'hadir'),
(366, 37, '2019-11-04', 'hadir'),
(367, 37, '2019-11-05', 'hadir'),
(368, 37, '2019-11-06', 'hadir'),
(369, 37, '2019-11-07', 'hadir'),
(370, 37, '2019-11-08', 'hadir'),
(371, 38, '2019-10-30', 'hadir'),
(372, 38, '2019-10-31', 'hadir'),
(373, 38, '2019-11-01', 'hadir'),
(374, 38, '2019-11-02', 'hadir'),
(375, 38, '2019-11-04', 'hadir'),
(376, 38, '2019-11-05', 'hadir'),
(377, 38, '2019-11-06', 'hadir'),
(378, 38, '2019-11-07', 'hadir'),
(379, 38, '2019-11-08', 'hadir'),
(380, 38, '2019-11-09', 'hadir'),
(381, 39, '2019-10-30', 'hadir'),
(382, 39, '2019-10-31', 'hadir'),
(383, 39, '2019-11-01', 'hadir'),
(384, 39, '2019-11-02', 'hadir'),
(385, 39, '2019-11-04', 'hadir'),
(386, 39, '2019-11-05', 'hadir'),
(387, 39, '2019-11-06', 'hadir'),
(388, 39, '2019-11-07', 'hadir'),
(389, 39, '2019-11-08', 'hadir'),
(390, 39, '2019-11-09', 'hadir'),
(391, 40, '2021-06-10', 'hadir'),
(392, 45, '2021-06-15', 'hadir');

-- --------------------------------------------------------

--
-- Table structure for table `instruktur`
--

CREATE TABLE `instruktur` (
  `id` int(10) UNSIGNED NOT NULL,
  `user_id` int(10) UNSIGNED NOT NULL,
  `nama` varchar(45) COLLATE utf8mb4_unicode_ci NOT NULL,
  `tempat_lahir` varchar(20) COLLATE utf8mb4_unicode_ci DEFAULT NULL,
  `tanggal_lahir` date DEFAULT NULL,
  `gender` enum('L','P') COLLATE utf8mb4_unicode_ci NOT NULL,
  `nohp` varchar(15) COLLATE utf8mb4_unicode_ci DEFAULT NULL,
  `alamat` varchar(191) COLLATE utf8mb4_unicode_ci DEFAULT NULL,
  `created_at` timestamp NULL DEFAULT NULL,
  `updated_at` timestamp NULL DEFAULT NULL
) ENGINE=MyISAM DEFAULT CHARSET=utf8mb4 COLLATE=utf8mb4_unicode_ci;

--
-- Dumping data for table `instruktur`
--

INSERT INTO `instruktur` (`id`, `user_id`, `nama`, `tempat_lahir`, `tanggal_lahir`, `gender`, `nohp`, `alamat`, `created_at`, `updated_at`) VALUES
(1, 2, 'Luthfi Hanif', 'Samarinda', '2001-01-01', 'L', '+6281377477310', 'Samarinda', '2019-11-01 17:00:00', '2021-06-09 21:16:42'),
(2, 3, 'Intan Malahayati', 'Aceh', '2001-01-02', 'P', '081352728422', 'Setui', '2019-11-01 17:00:00', '2021-06-09 21:17:34'),
(3, 4, 'Amalia', 'Aceh', '2021-06-10', 'P', '085276545676', 'Batoh', '2019-11-01 17:00:00', '2021-06-09 21:23:46'),
(4, 5, 'Yani', 'Langsa', '2002-01-02', 'P', '085245453211', 'Darussalam', '2019-11-01 17:00:00', '2021-06-09 21:20:22'),
(5, 6, 'Nanda', 'Aceh', '2002-01-01', 'L', '085267675433', 'Lingke', '2019-11-01 17:00:00', '2021-06-09 21:22:41'),
(6, 7, 'Gusion', 'Aceh', '2002-01-03', 'L', '085298989098', 'Peunayong', '2019-11-01 17:00:00', '2021-06-09 21:24:07');

-- --------------------------------------------------------

--
-- Table structure for table `kursus`
--

CREATE TABLE `kursus` (
  `id` int(10) UNSIGNED NOT NULL,
  `instruktur_id` int(10) UNSIGNED NOT NULL,
  `peserta_id` int(10) UNSIGNED NOT NULL,
  `program_id` int(10) UNSIGNED NOT NULL,
  `nilai_teori` int(11) DEFAULT NULL,
  `status` enum('mulai','selesai') COLLATE utf8mb4_unicode_ci NOT NULL,
  `created_at` timestamp NULL DEFAULT NULL,
  `updated_at` timestamp NULL DEFAULT NULL
) ENGINE=MyISAM DEFAULT CHARSET=utf8mb4 COLLATE=utf8mb4_unicode_ci;

--
-- Dumping data for table `kursus`
--

INSERT INTO `kursus` (`id`, `instruktur_id`, `peserta_id`, `program_id`, `nilai_teori`, `status`, `created_at`, `updated_at`) VALUES
(45, 1, 60351019, 1, 90, 'selesai', '2021-06-14 18:14:14', '2021-06-14 18:17:00');

-- --------------------------------------------------------

--
-- Table structure for table `materi`
--

CREATE TABLE `materi` (
  `id` int(10) UNSIGNED NOT NULL,
  `program_id` int(10) UNSIGNED NOT NULL,
  `materi` varchar(191) COLLATE utf8mb4_unicode_ci NOT NULL
) ENGINE=MyISAM DEFAULT CHARSET=utf8mb4 COLLATE=utf8mb4_unicode_ci;

--
-- Dumping data for table `materi`
--

INSERT INTO `materi` (`id`, `program_id`, `materi`) VALUES
(1, 1, 'Tenik Mengetik (Kecepatan dan Kerapian Mengetik).'),
(2, 1, 'Penggunaan Tab Menu, Page Layout, Margin.'),
(3, 1, 'Penggunaan Save & Open Data, Folder (Perbedaan tiap fungsi).'),
(4, 1, 'Penggunaan Format Text (Warna huruf, effect, aligment).'),
(5, 1, 'Tabulasi dan Indent, membuat daftar isi dan surat tugas.'),
(6, 1, 'Penggunaan Symbol Bullet and Numbering.'),
(7, 1, 'Penggunaan Word Art dan Auto Shapes.'),
(8, 1, 'Penggunaan Clip Art dan Picture.'),
(9, 1, 'Penggunaan Column dan Drop Cap.'),
(10, 1, 'Penggunaan Table, membuat, menambah dan menghapus tabel dan lainnya.'),
(11, 1, 'Penggunaan Mail Merge / Amplop / Mencetak Dokumen'),
(12, 2, 'Dasar-dasar Microsoft Office Excel (Title Bar, Office Button, Menu Bar)'),
(13, 2, 'Penggunaan Page Layout.'),
(14, 2, 'New, Save, dan Open buku kerja (Workbook).'),
(15, 2, 'Aritmatika perhitungan manual (penjumlahan, perkalian, pembagian, perpangkatan, akar).'),
(16, 2, 'Membuat Border.'),
(17, 2, 'Mengatur Text dalam border.'),
(18, 2, 'Penggunaan Data Validation.'),
(19, 2, 'Penggunaan Conditional Formating.'),
(20, 2, 'Membuat Chart dan Grafik dari data.'),
(21, 2, 'Penggunaan fungsi logika.'),
(22, 2, 'Penggunaan fungsi Lookup.'),
(23, 2, 'Editing Data (Sort, Filter, Find data dan lainnya).'),
(24, 2, 'Mencetak Dokumen (Print).'),
(25, 3, 'Dasar-dasar Microsoft Powerpoint (Title Bar, Office Button, Menu Bar)'),
(26, 3, 'New, Save, dan Open file.'),
(27, 3, 'Membuat dan menghapus animasi text.'),
(28, 3, 'Menambah Word Art dan Clip Art.'),
(29, 3, 'Menambah Smart Art.'),
(30, 3, 'Menyisipkan Grafik.'),
(31, 3, 'Penggunaan Hyperlink.'),
(32, 3, 'Langkah-langkah menampilkan presentasi.'),
(33, 3, 'Membuat presentasi sederhana.'),
(34, 4, 'Persiapan dalam Berkendara.'),
(35, 4, 'Melaksanakan Keselamatan Kesehatan Kerja dan Keamanan Berkendara.'),
(36, 4, 'Mengendalikan Kendaraan Bermotor secara effisien dan ramah lingkungan dengan mematuhi peraturan dan Keselamatan berlalu lintas pengemudi pemula.'),
(37, 4, 'Mengatasi situasi krisis yang terkait dengan kendaraan serta melakukan tindakan yang tepat.');

-- --------------------------------------------------------

--
-- Table structure for table `migrations`
--

CREATE TABLE `migrations` (
  `id` int(10) UNSIGNED NOT NULL,
  `migration` varchar(191) COLLATE utf8mb4_unicode_ci NOT NULL,
  `batch` int(11) NOT NULL
) ENGINE=MyISAM DEFAULT CHARSET=utf8mb4 COLLATE=utf8mb4_unicode_ci;

--
-- Dumping data for table `migrations`
--

INSERT INTO `migrations` (`id`, `migration`, `batch`) VALUES
(1, '2014_10_12_000000_create_users_table', 1),
(2, '2014_10_12_100000_create_password_resets_table', 1),
(3, '2019_07_16_073142_create_instruktur_table', 1),
(4, '2019_07_16_074210_create_peserta_table', 1),
(5, '2019_07_28_152738_create_program_table', 1),
(6, '2019_07_28_152848_create_materi_table', 1),
(7, '2019_07_28_152850_create_kursus_table', 1),
(8, '2019_08_16_110554_create_absensi_table', 1),
(9, '2019_08_28_174845_create_nilai_table', 1),
(10, '2019_09_07_192251_create_sertifikat_table', 1);

-- --------------------------------------------------------

--
-- Table structure for table `nilai`
--

CREATE TABLE `nilai` (
  `id` int(10) UNSIGNED NOT NULL,
  `kursus_id` int(10) UNSIGNED NOT NULL,
  `materi_id` int(10) UNSIGNED NOT NULL,
  `nilai` int(11) NOT NULL
) ENGINE=MyISAM DEFAULT CHARSET=utf8mb4 COLLATE=utf8mb4_unicode_ci;

--
-- Dumping data for table `nilai`
--

INSERT INTO `nilai` (`id`, `kursus_id`, `materi_id`, `nilai`) VALUES
(1, 1, 1, 80),
(2, 1, 2, 89),
(3, 1, 3, 75),
(4, 1, 4, 80),
(5, 1, 5, 90),
(6, 1, 6, 95),
(7, 1, 7, 76),
(8, 1, 8, 79),
(9, 1, 9, 94),
(10, 1, 10, 84),
(11, 1, 11, 95),
(12, 1, 12, 79),
(13, 1, 13, 88),
(14, 1, 14, 89),
(15, 1, 15, 87),
(16, 1, 16, 93),
(17, 1, 17, 95),
(18, 1, 18, 88),
(19, 1, 19, 78),
(20, 1, 20, 80),
(21, 1, 21, 82),
(22, 1, 22, 85),
(23, 1, 23, 79),
(24, 1, 24, 89),
(25, 1, 25, 75),
(26, 1, 26, 93),
(27, 1, 27, 76),
(28, 1, 28, 92),
(29, 1, 29, 86),
(30, 1, 30, 79),
(31, 1, 31, 82),
(32, 1, 32, 82),
(33, 1, 33, 84),
(34, 1, 34, 82),
(35, 1, 35, 95),
(36, 1, 36, 83),
(37, 1, 37, 76),
(38, 2, 1, 94),
(39, 2, 2, 92),
(40, 2, 3, 79),
(41, 2, 4, 77),
(42, 2, 5, 93),
(43, 2, 6, 84),
(44, 2, 7, 83),
(45, 2, 8, 92),
(46, 2, 9, 89),
(47, 2, 10, 94),
(48, 2, 11, 85),
(49, 2, 12, 80),
(50, 2, 13, 77),
(51, 2, 14, 94),
(52, 2, 15, 86),
(53, 2, 16, 93),
(54, 2, 17, 92),
(55, 2, 18, 77),
(56, 2, 19, 75),
(57, 2, 20, 81),
(58, 2, 21, 75),
(59, 2, 22, 82),
(60, 2, 23, 87),
(61, 2, 24, 78),
(62, 2, 25, 90),
(63, 2, 26, 83),
(64, 2, 27, 75),
(65, 2, 28, 90),
(66, 2, 29, 81),
(67, 2, 30, 80),
(68, 2, 31, 82),
(69, 2, 32, 89),
(70, 2, 33, 80),
(71, 2, 34, 81),
(72, 2, 35, 84),
(73, 2, 36, 87),
(74, 2, 37, 94),
(75, 3, 1, 85),
(76, 3, 2, 90),
(77, 3, 3, 80),
(78, 3, 4, 76),
(79, 3, 5, 77),
(80, 3, 6, 76),
(81, 3, 7, 90),
(82, 3, 8, 90),
(83, 3, 9, 88),
(84, 3, 10, 93),
(85, 3, 11, 94),
(86, 3, 12, 86),
(87, 3, 13, 80),
(88, 3, 14, 80),
(89, 3, 15, 81),
(90, 3, 16, 77),
(91, 3, 17, 81),
(92, 3, 18, 85),
(93, 3, 19, 88),
(94, 3, 20, 84),
(95, 3, 21, 82),
(96, 3, 22, 93),
(97, 3, 23, 82),
(98, 3, 24, 80),
(99, 3, 25, 84),
(100, 3, 26, 94),
(101, 3, 27, 93),
(102, 3, 28, 79),
(103, 3, 29, 92),
(104, 3, 30, 95),
(105, 3, 31, 90),
(106, 3, 32, 76),
(107, 3, 33, 95),
(108, 3, 34, 80),
(109, 3, 35, 83),
(110, 3, 36, 88),
(111, 3, 37, 90),
(112, 4, 1, 77),
(113, 4, 2, 86),
(114, 4, 3, 79),
(115, 4, 4, 88),
(116, 4, 5, 85),
(117, 4, 6, 77),
(118, 4, 7, 85),
(119, 4, 8, 77),
(120, 4, 9, 95),
(121, 4, 10, 82),
(122, 4, 11, 90),
(123, 4, 12, 76),
(124, 4, 13, 85),
(125, 4, 14, 82),
(126, 4, 15, 85),
(127, 4, 16, 78),
(128, 4, 17, 90),
(129, 4, 18, 91),
(130, 4, 19, 86),
(131, 4, 20, 77),
(132, 4, 21, 95),
(133, 4, 22, 85),
(134, 4, 23, 83),
(135, 4, 24, 93),
(136, 4, 25, 92),
(137, 4, 26, 90),
(138, 4, 27, 81),
(139, 4, 28, 86),
(140, 4, 29, 86),
(141, 4, 30, 75),
(142, 4, 31, 92),
(143, 4, 32, 76),
(144, 4, 33, 95),
(145, 4, 34, 84),
(146, 4, 35, 88),
(147, 4, 36, 82),
(148, 4, 37, 88),
(149, 5, 1, 90),
(150, 5, 2, 92),
(151, 5, 3, 85),
(152, 5, 4, 80),
(153, 5, 5, 76),
(154, 5, 6, 75),
(155, 5, 7, 88),
(156, 5, 8, 93),
(157, 5, 9, 88),
(158, 5, 10, 91),
(159, 5, 11, 93),
(160, 5, 12, 78),
(161, 5, 13, 89),
(162, 5, 14, 85),
(163, 5, 15, 85),
(164, 5, 16, 89),
(165, 5, 17, 89),
(166, 5, 18, 83),
(167, 5, 19, 76),
(168, 5, 20, 94),
(169, 5, 21, 85),
(170, 5, 22, 93),
(171, 5, 23, 84),
(172, 5, 24, 91),
(173, 5, 25, 80),
(174, 5, 26, 93),
(175, 5, 27, 91),
(176, 5, 28, 77),
(177, 5, 29, 86),
(178, 5, 30, 88),
(179, 5, 31, 76),
(180, 5, 32, 94),
(181, 5, 33, 89),
(182, 5, 34, 86),
(183, 5, 35, 81),
(184, 5, 36, 75),
(185, 5, 37, 75),
(186, 6, 1, 79),
(187, 6, 2, 80),
(188, 6, 3, 79),
(189, 6, 4, 83),
(190, 6, 5, 95),
(191, 6, 6, 90),
(192, 6, 7, 88),
(193, 6, 8, 83),
(194, 6, 9, 94),
(195, 6, 10, 86),
(196, 6, 11, 86),
(197, 6, 12, 86),
(198, 6, 13, 95),
(199, 6, 14, 90),
(200, 6, 15, 94),
(201, 6, 16, 89),
(202, 6, 17, 80),
(203, 6, 18, 87),
(204, 6, 19, 89),
(205, 6, 20, 79),
(206, 6, 21, 77),
(207, 6, 22, 93),
(208, 6, 23, 89),
(209, 6, 24, 77),
(210, 6, 25, 89),
(211, 6, 26, 89),
(212, 6, 27, 95),
(213, 6, 28, 83),
(214, 6, 29, 78),
(215, 6, 30, 75),
(216, 6, 31, 85),
(217, 6, 32, 89),
(218, 6, 33, 79),
(219, 6, 34, 77),
(220, 6, 35, 84),
(221, 6, 36, 94),
(222, 6, 37, 85),
(223, 7, 1, 95),
(224, 7, 2, 85),
(225, 7, 3, 93),
(226, 7, 4, 91),
(227, 7, 5, 83),
(228, 7, 6, 92),
(229, 7, 7, 95),
(230, 7, 8, 90),
(231, 7, 9, 92),
(232, 7, 10, 79),
(233, 7, 11, 86),
(234, 7, 12, 78),
(235, 7, 13, 75),
(236, 7, 14, 90),
(237, 7, 15, 87),
(238, 7, 16, 83),
(239, 7, 17, 77),
(240, 7, 18, 92),
(241, 7, 19, 79),
(242, 7, 20, 89),
(243, 7, 21, 78),
(244, 7, 22, 86),
(245, 7, 23, 80),
(246, 7, 24, 88),
(247, 7, 25, 87),
(248, 7, 26, 86),
(249, 7, 27, 86),
(250, 7, 28, 90),
(251, 7, 29, 81),
(252, 7, 30, 87),
(253, 7, 31, 76),
(254, 7, 32, 89),
(255, 7, 33, 94),
(256, 7, 34, 92),
(257, 7, 35, 78),
(258, 7, 36, 82),
(259, 7, 37, 85),
(260, 8, 1, 85),
(261, 8, 2, 89),
(262, 8, 3, 85),
(263, 8, 4, 85),
(264, 8, 5, 87),
(265, 8, 6, 82),
(266, 8, 7, 85),
(267, 8, 8, 79),
(268, 8, 9, 79),
(269, 8, 10, 82),
(270, 8, 11, 86),
(271, 8, 12, 83),
(272, 8, 13, 75),
(273, 8, 14, 87),
(274, 8, 15, 93),
(275, 8, 16, 86),
(276, 8, 17, 90),
(277, 8, 18, 81),
(278, 8, 19, 85),
(279, 8, 20, 90),
(280, 8, 21, 80),
(281, 8, 22, 92),
(282, 8, 23, 84),
(283, 8, 24, 75),
(284, 8, 25, 79),
(285, 8, 26, 87),
(286, 8, 27, 89),
(287, 8, 28, 90),
(288, 8, 29, 80),
(289, 8, 30, 92),
(290, 8, 31, 83),
(291, 8, 32, 91),
(292, 8, 33, 82),
(293, 8, 34, 88),
(294, 8, 35, 84),
(295, 8, 36, 90),
(296, 8, 37, 75),
(297, 9, 1, 77),
(298, 9, 2, 90),
(299, 9, 3, 85),
(300, 9, 4, 94),
(301, 9, 5, 92),
(302, 9, 6, 79),
(303, 9, 7, 92),
(304, 9, 8, 82),
(305, 9, 9, 78),
(306, 9, 10, 75),
(307, 9, 11, 93),
(308, 9, 12, 76),
(309, 9, 13, 91),
(310, 9, 14, 95),
(311, 9, 15, 82),
(312, 9, 16, 75),
(313, 9, 17, 83),
(314, 9, 18, 86),
(315, 9, 19, 76),
(316, 9, 20, 85),
(317, 9, 21, 92),
(318, 9, 22, 81),
(319, 9, 23, 76),
(320, 9, 24, 87),
(321, 9, 25, 82),
(322, 9, 26, 80),
(323, 9, 27, 90),
(324, 9, 28, 76),
(325, 9, 29, 89),
(326, 9, 30, 95),
(327, 9, 31, 83),
(328, 9, 32, 94),
(329, 9, 33, 91),
(330, 9, 34, 90),
(331, 9, 35, 85),
(332, 9, 36, 82),
(333, 9, 37, 82),
(334, 10, 1, 94),
(335, 10, 2, 86),
(336, 10, 3, 91),
(337, 10, 4, 82),
(338, 10, 5, 83),
(339, 10, 6, 79),
(340, 10, 7, 80),
(341, 10, 8, 79),
(342, 10, 9, 88),
(343, 10, 10, 83),
(344, 10, 11, 88),
(345, 10, 12, 80),
(346, 10, 13, 83),
(347, 10, 14, 90),
(348, 10, 15, 80),
(349, 10, 16, 77),
(350, 10, 17, 80),
(351, 10, 18, 82),
(352, 10, 19, 83),
(353, 10, 20, 88),
(354, 10, 21, 80),
(355, 10, 22, 89),
(356, 10, 23, 82),
(357, 10, 24, 90),
(358, 10, 25, 89),
(359, 10, 26, 89),
(360, 10, 27, 79),
(361, 10, 28, 85),
(362, 10, 29, 77),
(363, 10, 30, 76),
(364, 10, 31, 75),
(365, 10, 32, 79),
(366, 10, 33, 92),
(367, 10, 34, 85),
(368, 10, 35, 76),
(369, 10, 36, 79),
(370, 10, 37, 77),
(371, 11, 1, 88),
(372, 11, 2, 79),
(373, 11, 3, 88),
(374, 11, 4, 86),
(375, 11, 5, 89),
(376, 11, 6, 78),
(377, 11, 7, 76),
(378, 11, 8, 88),
(379, 11, 9, 92),
(380, 11, 10, 83),
(381, 11, 11, 91),
(382, 11, 12, 85),
(383, 11, 13, 86),
(384, 11, 14, 91),
(385, 11, 15, 86),
(386, 11, 16, 75),
(387, 11, 17, 78),
(388, 11, 18, 89),
(389, 11, 19, 84),
(390, 11, 20, 80),
(391, 11, 21, 78),
(392, 11, 22, 84),
(393, 11, 23, 86),
(394, 11, 24, 90),
(395, 11, 25, 91),
(396, 11, 26, 78),
(397, 11, 27, 88),
(398, 11, 28, 93),
(399, 11, 29, 85),
(400, 11, 30, 95),
(401, 11, 31, 95),
(402, 11, 32, 86),
(403, 11, 33, 93),
(404, 11, 34, 79),
(405, 11, 35, 82),
(406, 11, 36, 75),
(407, 11, 37, 95),
(408, 12, 1, 91),
(409, 12, 2, 84),
(410, 12, 3, 88),
(411, 12, 4, 93),
(412, 12, 5, 80),
(413, 12, 6, 91),
(414, 12, 7, 92),
(415, 12, 8, 89),
(416, 12, 9, 80),
(417, 12, 10, 87),
(418, 12, 11, 87),
(419, 12, 12, 91),
(420, 12, 13, 92),
(421, 12, 14, 79),
(422, 12, 15, 95),
(423, 12, 16, 95),
(424, 12, 17, 85),
(425, 12, 18, 82),
(426, 12, 19, 78),
(427, 12, 20, 92),
(428, 12, 21, 85),
(429, 12, 22, 77),
(430, 12, 23, 84),
(431, 12, 24, 87),
(432, 12, 25, 94),
(433, 12, 26, 94),
(434, 12, 27, 90),
(435, 12, 28, 76),
(436, 12, 29, 79),
(437, 12, 30, 76),
(438, 12, 31, 91),
(439, 12, 32, 84),
(440, 12, 33, 84),
(441, 12, 34, 91),
(442, 12, 35, 95),
(443, 12, 36, 77),
(444, 12, 37, 90),
(445, 13, 1, 94),
(446, 13, 2, 88),
(447, 13, 3, 82),
(448, 13, 4, 92),
(449, 13, 5, 90),
(450, 13, 6, 94),
(451, 13, 7, 82),
(452, 13, 8, 94),
(453, 13, 9, 89),
(454, 13, 10, 88),
(455, 13, 11, 78),
(456, 13, 12, 91),
(457, 13, 13, 85),
(458, 13, 14, 89),
(459, 13, 15, 91),
(460, 13, 16, 85),
(461, 13, 17, 89),
(462, 13, 18, 86),
(463, 13, 19, 82),
(464, 13, 20, 87),
(465, 13, 21, 81),
(466, 13, 22, 90),
(467, 13, 23, 83),
(468, 13, 24, 91),
(469, 13, 25, 82),
(470, 13, 26, 76),
(471, 13, 27, 76),
(472, 13, 28, 93),
(473, 13, 29, 83),
(474, 13, 30, 87),
(475, 13, 31, 84),
(476, 13, 32, 82),
(477, 13, 33, 93),
(478, 13, 34, 95),
(479, 13, 35, 86),
(480, 13, 36, 77),
(481, 13, 37, 84),
(482, 14, 1, 88),
(483, 14, 2, 85),
(484, 14, 3, 81),
(485, 14, 4, 86),
(486, 14, 5, 84),
(487, 14, 6, 85),
(488, 14, 7, 86),
(489, 14, 8, 90),
(490, 14, 9, 89),
(491, 14, 10, 77),
(492, 14, 11, 94),
(493, 14, 12, 80),
(494, 14, 13, 84),
(495, 14, 14, 81),
(496, 14, 15, 86),
(497, 14, 16, 80),
(498, 14, 17, 92),
(499, 14, 18, 83),
(500, 14, 19, 91),
(501, 14, 20, 76),
(502, 14, 21, 88),
(503, 14, 22, 81),
(504, 14, 23, 85),
(505, 14, 24, 80),
(506, 14, 25, 81),
(507, 14, 26, 84),
(508, 14, 27, 90),
(509, 14, 28, 80),
(510, 14, 29, 91),
(511, 14, 30, 87),
(512, 14, 31, 88),
(513, 14, 32, 83),
(514, 14, 33, 94),
(515, 14, 34, 78),
(516, 14, 35, 85),
(517, 14, 36, 80),
(518, 14, 37, 88),
(519, 15, 1, 95),
(520, 15, 2, 95),
(521, 15, 3, 93),
(522, 15, 4, 89),
(523, 15, 5, 78),
(524, 15, 6, 87),
(525, 15, 7, 89),
(526, 15, 8, 80),
(527, 15, 9, 93),
(528, 15, 10, 95),
(529, 15, 11, 87),
(530, 15, 12, 84),
(531, 15, 13, 76),
(532, 15, 14, 83),
(533, 15, 15, 87),
(534, 15, 16, 91),
(535, 15, 17, 91),
(536, 15, 18, 85),
(537, 15, 19, 80),
(538, 15, 20, 87),
(539, 15, 21, 79),
(540, 15, 22, 83),
(541, 15, 23, 90),
(542, 15, 24, 85),
(543, 15, 25, 82),
(544, 15, 26, 88),
(545, 15, 27, 94),
(546, 15, 28, 82),
(547, 15, 29, 78),
(548, 15, 30, 82),
(549, 15, 31, 76),
(550, 15, 32, 83),
(551, 15, 33, 81),
(552, 15, 34, 93),
(553, 15, 35, 93),
(554, 15, 36, 83),
(555, 15, 37, 80),
(556, 16, 1, 81),
(557, 16, 2, 82),
(558, 16, 3, 83),
(559, 16, 4, 88),
(560, 16, 5, 77),
(561, 16, 6, 76),
(562, 16, 7, 79),
(563, 16, 8, 94),
(564, 16, 9, 86),
(565, 16, 10, 92),
(566, 16, 11, 89),
(567, 16, 12, 79),
(568, 16, 13, 91),
(569, 16, 14, 86),
(570, 16, 15, 80),
(571, 16, 16, 93),
(572, 16, 17, 82),
(573, 16, 18, 86),
(574, 16, 19, 90),
(575, 16, 20, 76),
(576, 16, 21, 91),
(577, 16, 22, 92),
(578, 16, 23, 84),
(579, 16, 24, 81),
(580, 16, 25, 94),
(581, 16, 26, 83),
(582, 16, 27, 95),
(583, 16, 28, 92),
(584, 16, 29, 88),
(585, 16, 30, 79),
(586, 16, 31, 94),
(587, 16, 32, 81),
(588, 16, 33, 86),
(589, 16, 34, 85),
(590, 16, 35, 94),
(591, 16, 36, 91),
(592, 16, 37, 95),
(593, 17, 1, 85),
(594, 17, 2, 78),
(595, 17, 3, 79),
(596, 17, 4, 89),
(597, 17, 5, 92),
(598, 17, 6, 79),
(599, 17, 7, 78),
(600, 17, 8, 93),
(601, 17, 9, 80),
(602, 17, 10, 83),
(603, 17, 11, 77),
(604, 17, 12, 84),
(605, 17, 13, 78),
(606, 17, 14, 95),
(607, 17, 15, 84),
(608, 17, 16, 88),
(609, 17, 17, 88),
(610, 17, 18, 87),
(611, 17, 19, 95),
(612, 17, 20, 75),
(613, 17, 21, 75),
(614, 17, 22, 81),
(615, 17, 23, 89),
(616, 17, 24, 82),
(617, 17, 25, 95),
(618, 17, 26, 86),
(619, 17, 27, 78),
(620, 17, 28, 86),
(621, 17, 29, 89),
(622, 17, 30, 93),
(623, 17, 31, 92),
(624, 17, 32, 89),
(625, 17, 33, 77),
(626, 17, 34, 86),
(627, 17, 35, 91),
(628, 17, 36, 94),
(629, 17, 37, 82),
(630, 18, 1, 85),
(631, 18, 2, 92),
(632, 18, 3, 90),
(633, 18, 4, 87),
(634, 18, 5, 95),
(635, 18, 6, 94),
(636, 18, 7, 83),
(637, 18, 8, 84),
(638, 18, 9, 80),
(639, 18, 10, 80),
(640, 18, 11, 88),
(641, 18, 12, 78),
(642, 18, 13, 88),
(643, 18, 14, 92),
(644, 18, 15, 90),
(645, 18, 16, 77),
(646, 18, 17, 87),
(647, 18, 18, 89),
(648, 18, 19, 89),
(649, 18, 20, 89),
(650, 18, 21, 78),
(651, 18, 22, 81),
(652, 18, 23, 75),
(653, 18, 24, 93),
(654, 18, 25, 85),
(655, 18, 26, 93),
(656, 18, 27, 88),
(657, 18, 28, 81),
(658, 18, 29, 84),
(659, 18, 30, 93),
(660, 18, 31, 81),
(661, 18, 32, 82),
(662, 18, 33, 89),
(663, 18, 34, 92),
(664, 18, 35, 75),
(665, 18, 36, 77),
(666, 18, 37, 80),
(667, 19, 1, 91),
(668, 19, 2, 80),
(669, 19, 3, 93),
(670, 19, 4, 81),
(671, 19, 5, 93),
(672, 19, 6, 85),
(673, 19, 7, 84),
(674, 19, 8, 86),
(675, 19, 9, 93),
(676, 19, 10, 85),
(677, 19, 11, 84),
(678, 19, 12, 81),
(679, 19, 13, 86),
(680, 19, 14, 84),
(681, 19, 15, 77),
(682, 19, 16, 78),
(683, 19, 17, 83),
(684, 19, 18, 75),
(685, 19, 19, 78),
(686, 19, 20, 76),
(687, 19, 21, 90),
(688, 19, 22, 81),
(689, 19, 23, 76),
(690, 19, 24, 87),
(691, 19, 25, 85),
(692, 19, 26, 77),
(693, 19, 27, 84),
(694, 19, 28, 95),
(695, 19, 29, 79),
(696, 19, 30, 87),
(697, 19, 31, 92),
(698, 19, 32, 94),
(699, 19, 33, 95),
(700, 19, 34, 76),
(701, 19, 35, 87),
(702, 19, 36, 94),
(703, 19, 37, 95),
(704, 20, 1, 80),
(705, 20, 2, 86),
(706, 20, 3, 83),
(707, 20, 4, 88),
(708, 20, 5, 95),
(709, 20, 6, 75),
(710, 20, 7, 95),
(711, 20, 8, 83),
(712, 20, 9, 79),
(713, 20, 10, 90),
(714, 20, 11, 93),
(715, 20, 12, 78),
(716, 20, 13, 91),
(717, 20, 14, 79),
(718, 20, 15, 93),
(719, 20, 16, 92),
(720, 20, 17, 80),
(721, 20, 18, 76),
(722, 20, 19, 90),
(723, 20, 20, 81),
(724, 20, 21, 91),
(725, 20, 22, 87),
(726, 20, 23, 81),
(727, 20, 24, 82),
(728, 20, 25, 90),
(729, 20, 26, 78),
(730, 20, 27, 91),
(731, 20, 28, 84),
(732, 20, 29, 89),
(733, 20, 30, 91),
(734, 20, 31, 79),
(735, 20, 32, 83),
(736, 20, 33, 76),
(737, 20, 34, 80),
(738, 20, 35, 78),
(739, 20, 36, 80),
(740, 20, 37, 95),
(741, 21, 1, 93),
(742, 21, 2, 93),
(743, 21, 3, 93),
(744, 21, 4, 81),
(745, 21, 5, 86),
(746, 21, 6, 78),
(747, 21, 7, 76),
(748, 21, 8, 84),
(749, 21, 9, 81),
(750, 21, 10, 85),
(751, 21, 11, 80),
(752, 21, 12, 84),
(753, 21, 13, 76),
(754, 21, 14, 79),
(755, 21, 15, 85),
(756, 21, 16, 89),
(757, 21, 17, 78),
(758, 21, 18, 85),
(759, 21, 19, 77),
(760, 21, 20, 83),
(761, 21, 21, 89),
(762, 21, 22, 94),
(763, 21, 23, 90),
(764, 21, 24, 84),
(765, 21, 25, 75),
(766, 21, 26, 75),
(767, 21, 27, 83),
(768, 21, 28, 91),
(769, 21, 29, 89),
(770, 21, 30, 91),
(771, 21, 31, 75),
(772, 21, 32, 77),
(773, 21, 33, 90),
(774, 21, 34, 77),
(775, 21, 35, 86),
(776, 21, 36, 79),
(777, 21, 37, 85),
(778, 22, 1, 88),
(779, 22, 2, 82),
(780, 22, 3, 95),
(781, 22, 4, 79),
(782, 22, 5, 87),
(783, 22, 6, 84),
(784, 22, 7, 78),
(785, 22, 8, 89),
(786, 22, 9, 79),
(787, 22, 10, 83),
(788, 22, 11, 79),
(789, 22, 12, 89),
(790, 22, 13, 79),
(791, 22, 14, 76),
(792, 22, 15, 77),
(793, 22, 16, 75),
(794, 22, 17, 79),
(795, 22, 18, 93),
(796, 22, 19, 90),
(797, 22, 20, 77),
(798, 22, 21, 95),
(799, 22, 22, 76),
(800, 22, 23, 93),
(801, 22, 24, 79),
(802, 22, 25, 81),
(803, 22, 26, 85),
(804, 22, 27, 79),
(805, 22, 28, 86),
(806, 22, 29, 89),
(807, 22, 30, 75),
(808, 22, 31, 87),
(809, 22, 32, 81),
(810, 22, 33, 79),
(811, 22, 34, 77),
(812, 22, 35, 87),
(813, 22, 36, 86),
(814, 22, 37, 89),
(815, 23, 1, 80),
(816, 23, 2, 87),
(817, 23, 3, 75),
(818, 23, 4, 81),
(819, 23, 5, 82),
(820, 23, 6, 75),
(821, 23, 7, 92),
(822, 23, 8, 85),
(823, 23, 9, 92),
(824, 23, 10, 83),
(825, 23, 11, 85),
(826, 23, 12, 91),
(827, 23, 13, 77),
(828, 23, 14, 85),
(829, 23, 15, 79),
(830, 23, 16, 81),
(831, 23, 17, 81),
(832, 23, 18, 91),
(833, 23, 19, 83),
(834, 23, 20, 90),
(835, 23, 21, 80),
(836, 23, 22, 79),
(837, 23, 23, 82),
(838, 23, 24, 82),
(839, 23, 25, 89),
(840, 23, 26, 91),
(841, 23, 27, 86),
(842, 23, 28, 76),
(843, 23, 29, 81),
(844, 23, 30, 90),
(845, 23, 31, 89),
(846, 23, 32, 88),
(847, 23, 33, 77),
(848, 23, 34, 87),
(849, 23, 35, 79),
(850, 23, 36, 86),
(851, 23, 37, 92),
(852, 24, 1, 94),
(853, 24, 2, 81),
(854, 24, 3, 86),
(855, 24, 4, 82),
(856, 24, 5, 94),
(857, 24, 6, 94),
(858, 24, 7, 88),
(859, 24, 8, 78),
(860, 24, 9, 82),
(861, 24, 10, 90),
(862, 24, 11, 93),
(863, 24, 12, 92),
(864, 24, 13, 94),
(865, 24, 14, 88),
(866, 24, 15, 92),
(867, 24, 16, 83),
(868, 24, 17, 94),
(869, 24, 18, 78),
(870, 24, 19, 86),
(871, 24, 20, 87),
(872, 24, 21, 82),
(873, 24, 22, 75),
(874, 24, 23, 85),
(875, 24, 24, 94),
(876, 24, 25, 83),
(877, 24, 26, 85),
(878, 24, 27, 77),
(879, 24, 28, 94),
(880, 24, 29, 88),
(881, 24, 30, 88),
(882, 24, 31, 89),
(883, 24, 32, 87),
(884, 24, 33, 79),
(885, 24, 34, 82),
(886, 24, 35, 83),
(887, 24, 36, 91),
(888, 24, 37, 87),
(889, 25, 1, 83),
(890, 25, 2, 94),
(891, 25, 3, 88),
(892, 25, 4, 78),
(893, 25, 5, 94),
(894, 25, 6, 90),
(895, 25, 7, 77),
(896, 25, 8, 91),
(897, 25, 9, 85),
(898, 25, 10, 79),
(899, 25, 11, 91),
(900, 25, 12, 80),
(901, 25, 13, 80),
(902, 25, 14, 95),
(903, 25, 15, 95),
(904, 25, 16, 87),
(905, 25, 17, 94),
(906, 25, 18, 84),
(907, 25, 19, 78),
(908, 25, 20, 95),
(909, 25, 21, 79),
(910, 25, 22, 76),
(911, 25, 23, 76),
(912, 25, 24, 90),
(913, 25, 25, 84),
(914, 25, 26, 95),
(915, 25, 27, 91),
(916, 25, 28, 94),
(917, 25, 29, 95),
(918, 25, 30, 75),
(919, 25, 31, 81),
(920, 25, 32, 78),
(921, 25, 33, 89),
(922, 25, 34, 92),
(923, 25, 35, 90),
(924, 25, 36, 89),
(925, 25, 37, 94),
(926, 26, 1, 79),
(927, 26, 2, 89),
(928, 26, 3, 95),
(929, 26, 4, 90),
(930, 26, 5, 80),
(931, 26, 6, 78),
(932, 26, 7, 92),
(933, 26, 8, 87),
(934, 26, 9, 88),
(935, 26, 10, 93),
(936, 26, 11, 94),
(937, 26, 12, 76),
(938, 26, 13, 90),
(939, 26, 14, 79),
(940, 26, 15, 90),
(941, 26, 16, 93),
(942, 26, 17, 92),
(943, 26, 18, 79),
(944, 26, 19, 90),
(945, 26, 20, 91),
(946, 26, 21, 86),
(947, 26, 22, 95),
(948, 26, 23, 93),
(949, 26, 24, 78),
(950, 26, 25, 91),
(951, 26, 26, 75),
(952, 26, 27, 78),
(953, 26, 28, 84),
(954, 26, 29, 80),
(955, 26, 30, 83),
(956, 26, 31, 76),
(957, 26, 32, 78),
(958, 26, 33, 81),
(959, 26, 34, 80),
(960, 26, 35, 86),
(961, 26, 36, 78),
(962, 26, 37, 91),
(963, 27, 1, 80),
(964, 27, 2, 93),
(965, 27, 3, 80),
(966, 27, 4, 94),
(967, 27, 5, 85),
(968, 27, 6, 83),
(969, 27, 7, 84),
(970, 27, 8, 81),
(971, 27, 9, 82),
(972, 27, 10, 91),
(973, 27, 11, 90),
(974, 27, 12, 86),
(975, 27, 13, 90),
(976, 27, 14, 87),
(977, 27, 15, 84),
(978, 27, 16, 79),
(979, 27, 17, 84),
(980, 27, 18, 81),
(981, 27, 19, 79),
(982, 27, 20, 85),
(983, 27, 21, 95),
(984, 27, 22, 91),
(985, 27, 23, 77),
(986, 27, 24, 92),
(987, 27, 25, 87),
(988, 27, 26, 78),
(989, 27, 27, 89),
(990, 27, 28, 93),
(991, 27, 29, 91),
(992, 27, 30, 90),
(993, 27, 31, 84),
(994, 27, 32, 86),
(995, 27, 33, 86),
(996, 27, 34, 92),
(997, 27, 35, 85),
(998, 27, 36, 75),
(999, 27, 37, 85),
(1000, 28, 1, 86),
(1001, 28, 2, 89),
(1002, 28, 3, 90),
(1003, 28, 4, 90),
(1004, 28, 5, 81),
(1005, 28, 6, 88),
(1006, 28, 7, 89),
(1007, 28, 8, 88),
(1008, 28, 9, 82),
(1009, 28, 10, 88),
(1010, 28, 11, 80),
(1011, 28, 12, 91),
(1012, 28, 13, 86),
(1013, 28, 14, 80),
(1014, 28, 15, 77),
(1015, 28, 16, 87),
(1016, 28, 17, 76),
(1017, 28, 18, 87),
(1018, 28, 19, 84),
(1019, 28, 20, 95),
(1020, 28, 21, 90),
(1021, 28, 22, 84),
(1022, 28, 23, 83),
(1023, 28, 24, 83),
(1024, 28, 25, 85),
(1025, 28, 26, 95),
(1026, 28, 27, 86),
(1027, 28, 28, 92),
(1028, 28, 29, 85),
(1029, 28, 30, 81),
(1030, 28, 31, 95),
(1031, 28, 32, 88),
(1032, 28, 33, 94),
(1033, 28, 34, 79),
(1034, 28, 35, 78),
(1035, 28, 36, 76),
(1036, 28, 37, 78),
(1037, 29, 1, 81),
(1038, 29, 2, 87),
(1039, 29, 3, 94),
(1040, 29, 4, 81),
(1041, 29, 5, 88),
(1042, 29, 6, 91),
(1043, 29, 7, 75),
(1044, 29, 8, 81),
(1045, 29, 9, 93),
(1046, 29, 10, 83),
(1047, 29, 11, 83),
(1048, 29, 12, 84),
(1049, 29, 13, 90),
(1050, 29, 14, 93),
(1051, 29, 15, 89),
(1052, 29, 16, 93),
(1053, 29, 17, 76),
(1054, 29, 18, 75),
(1055, 29, 19, 75),
(1056, 29, 20, 75),
(1057, 29, 21, 91),
(1058, 29, 22, 94),
(1059, 29, 23, 80),
(1060, 29, 24, 78),
(1061, 29, 25, 89),
(1062, 29, 26, 76),
(1063, 29, 27, 90),
(1064, 29, 28, 80),
(1065, 29, 29, 79),
(1066, 29, 30, 87),
(1067, 29, 31, 80),
(1068, 29, 32, 85),
(1069, 29, 33, 80),
(1070, 29, 34, 82),
(1071, 29, 35, 81),
(1072, 29, 36, 75),
(1073, 29, 37, 89),
(1074, 30, 1, 84),
(1075, 30, 2, 85),
(1076, 30, 3, 76),
(1077, 30, 4, 85),
(1078, 30, 5, 91),
(1079, 30, 6, 77),
(1080, 30, 7, 92),
(1081, 30, 8, 78),
(1082, 30, 9, 88),
(1083, 30, 10, 82),
(1084, 30, 11, 81),
(1085, 30, 12, 87),
(1086, 30, 13, 95),
(1087, 30, 14, 87),
(1088, 30, 15, 81),
(1089, 30, 16, 81),
(1090, 30, 17, 88),
(1091, 30, 18, 86),
(1092, 30, 19, 95),
(1093, 30, 20, 86),
(1094, 30, 21, 80),
(1095, 30, 22, 81),
(1096, 30, 23, 78),
(1097, 30, 24, 92),
(1098, 30, 25, 84),
(1099, 30, 26, 76),
(1100, 30, 27, 76),
(1101, 30, 28, 93),
(1102, 30, 29, 85),
(1103, 30, 30, 78),
(1104, 30, 31, 82),
(1105, 30, 32, 76),
(1106, 30, 33, 89),
(1107, 30, 34, 93),
(1108, 30, 35, 78),
(1109, 30, 36, 87),
(1110, 30, 37, 89),
(1111, 31, 1, 76),
(1112, 31, 2, 77),
(1113, 31, 3, 90),
(1114, 31, 4, 75),
(1115, 31, 5, 93),
(1116, 31, 6, 75),
(1117, 31, 7, 89),
(1118, 31, 8, 86),
(1119, 31, 9, 89),
(1120, 31, 10, 93),
(1121, 31, 11, 84),
(1122, 31, 12, 76),
(1123, 31, 13, 75),
(1124, 31, 14, 79),
(1125, 31, 15, 93),
(1126, 31, 16, 94),
(1127, 31, 17, 95),
(1128, 31, 18, 75),
(1129, 31, 19, 90),
(1130, 31, 20, 82),
(1131, 31, 21, 95),
(1132, 31, 22, 91),
(1133, 31, 23, 78),
(1134, 31, 24, 90),
(1135, 31, 25, 85),
(1136, 31, 26, 88),
(1137, 31, 27, 78),
(1138, 31, 28, 81),
(1139, 31, 29, 93),
(1140, 31, 30, 86),
(1141, 31, 31, 84),
(1142, 31, 32, 77),
(1143, 31, 33, 92),
(1144, 31, 34, 95),
(1145, 31, 35, 76),
(1146, 31, 36, 76),
(1147, 31, 37, 87),
(1148, 32, 1, 80),
(1149, 32, 2, 89),
(1150, 32, 3, 95),
(1151, 32, 4, 78),
(1152, 32, 5, 77),
(1153, 32, 6, 81),
(1154, 32, 7, 80),
(1155, 32, 8, 93),
(1156, 32, 9, 77),
(1157, 32, 10, 75),
(1158, 32, 11, 87),
(1159, 32, 12, 75),
(1160, 32, 13, 80),
(1161, 32, 14, 89),
(1162, 32, 15, 86),
(1163, 32, 16, 76),
(1164, 32, 17, 89),
(1165, 32, 18, 78),
(1166, 32, 19, 76),
(1167, 32, 20, 75),
(1168, 32, 21, 83),
(1169, 32, 22, 81),
(1170, 32, 23, 87),
(1171, 32, 24, 85),
(1172, 32, 25, 76),
(1173, 32, 26, 83),
(1174, 32, 27, 86),
(1175, 32, 28, 81),
(1176, 32, 29, 88),
(1177, 32, 30, 84),
(1178, 32, 31, 81),
(1179, 32, 32, 83),
(1180, 32, 33, 90),
(1181, 32, 34, 88),
(1182, 32, 35, 81),
(1183, 32, 36, 78),
(1184, 32, 37, 76),
(1185, 33, 1, 78),
(1186, 33, 2, 79),
(1187, 33, 3, 78),
(1188, 33, 4, 90),
(1189, 33, 5, 89),
(1190, 33, 6, 85),
(1191, 33, 7, 75),
(1192, 33, 8, 81),
(1193, 33, 9, 85),
(1194, 33, 10, 85),
(1195, 33, 11, 90),
(1196, 33, 12, 89),
(1197, 33, 13, 76),
(1198, 33, 14, 89),
(1199, 33, 15, 75),
(1200, 33, 16, 78),
(1201, 33, 17, 81),
(1202, 33, 18, 89),
(1203, 33, 19, 93),
(1204, 33, 20, 89),
(1205, 33, 21, 95),
(1206, 33, 22, 93),
(1207, 33, 23, 87),
(1208, 33, 24, 87),
(1209, 33, 25, 86),
(1210, 33, 26, 95),
(1211, 33, 27, 86),
(1212, 33, 28, 78),
(1213, 33, 29, 83),
(1214, 33, 30, 81),
(1215, 33, 31, 77),
(1216, 33, 32, 77),
(1217, 33, 33, 81),
(1218, 33, 34, 83),
(1219, 33, 35, 87),
(1220, 33, 36, 86),
(1221, 33, 37, 91),
(1222, 34, 1, 87),
(1223, 34, 2, 77),
(1224, 34, 3, 85),
(1225, 34, 4, 91),
(1226, 34, 5, 82),
(1227, 34, 6, 82),
(1228, 34, 7, 89),
(1229, 34, 8, 84),
(1230, 34, 9, 82),
(1231, 34, 10, 83),
(1232, 34, 11, 95),
(1233, 34, 12, 82),
(1234, 34, 13, 81),
(1235, 34, 14, 79),
(1236, 34, 15, 79),
(1237, 34, 16, 95),
(1238, 34, 17, 88),
(1239, 34, 18, 92),
(1240, 34, 19, 94),
(1241, 34, 20, 81),
(1242, 34, 21, 79),
(1243, 34, 22, 83),
(1244, 34, 23, 83),
(1245, 34, 24, 83),
(1246, 34, 25, 90),
(1247, 34, 26, 83),
(1248, 34, 27, 75),
(1249, 34, 28, 84),
(1250, 34, 29, 94),
(1251, 34, 30, 75),
(1252, 34, 31, 77),
(1253, 34, 32, 88),
(1254, 34, 33, 75),
(1255, 34, 34, 84),
(1256, 34, 35, 83),
(1257, 34, 36, 90),
(1258, 34, 37, 78),
(1259, 35, 1, 75),
(1260, 35, 2, 88),
(1261, 35, 3, 81),
(1262, 35, 4, 89),
(1263, 35, 5, 79),
(1264, 35, 6, 76),
(1265, 35, 7, 94),
(1266, 35, 8, 90),
(1267, 35, 9, 79),
(1268, 35, 10, 83),
(1269, 35, 11, 89),
(1270, 35, 12, 90),
(1271, 35, 13, 92),
(1272, 35, 14, 75),
(1273, 35, 15, 93),
(1274, 35, 16, 79),
(1275, 35, 17, 78),
(1276, 35, 18, 88),
(1277, 35, 19, 87),
(1278, 35, 20, 75),
(1279, 35, 21, 91),
(1280, 35, 22, 82),
(1281, 35, 23, 91),
(1282, 35, 24, 92),
(1283, 35, 25, 86),
(1284, 35, 26, 83),
(1285, 35, 27, 87),
(1286, 35, 28, 76),
(1287, 35, 29, 86),
(1288, 35, 30, 81),
(1289, 35, 31, 77),
(1290, 35, 32, 85),
(1291, 35, 33, 83),
(1292, 35, 34, 94),
(1293, 35, 35, 77),
(1294, 35, 36, 94),
(1295, 35, 37, 77),
(1296, 36, 1, 93),
(1297, 36, 2, 92),
(1298, 36, 3, 76),
(1299, 36, 4, 80),
(1300, 36, 5, 92),
(1301, 36, 6, 85),
(1302, 36, 7, 86),
(1303, 36, 8, 88),
(1304, 36, 9, 84),
(1305, 36, 10, 92),
(1306, 36, 11, 83),
(1307, 36, 12, 93),
(1308, 36, 13, 86),
(1309, 36, 14, 81),
(1310, 36, 15, 81),
(1311, 36, 16, 94),
(1312, 36, 17, 77),
(1313, 36, 18, 81),
(1314, 36, 19, 77),
(1315, 36, 20, 75),
(1316, 36, 21, 85),
(1317, 36, 22, 83),
(1318, 36, 23, 81),
(1319, 36, 24, 95),
(1320, 36, 25, 89),
(1321, 36, 26, 75),
(1322, 36, 27, 91),
(1323, 36, 28, 92),
(1324, 36, 29, 81),
(1325, 36, 30, 91),
(1326, 36, 31, 81),
(1327, 36, 32, 94),
(1328, 36, 33, 90),
(1329, 36, 34, 86),
(1330, 36, 35, 79),
(1331, 36, 36, 93),
(1332, 36, 37, 84),
(1333, 37, 1, 85),
(1334, 37, 2, 85),
(1335, 37, 3, 82),
(1336, 37, 4, 88),
(1337, 37, 5, 86),
(1338, 37, 6, 82),
(1339, 37, 7, 94),
(1340, 37, 8, 83),
(1341, 37, 9, 87),
(1342, 37, 10, 84),
(1343, 37, 11, 92),
(1344, 37, 12, 79),
(1345, 37, 13, 92),
(1346, 37, 14, 77),
(1347, 37, 15, 78),
(1348, 37, 16, 90),
(1349, 37, 17, 79),
(1350, 37, 18, 93),
(1351, 37, 19, 79),
(1352, 37, 20, 83),
(1353, 37, 21, 84),
(1354, 37, 22, 87),
(1355, 37, 23, 79),
(1356, 37, 24, 81),
(1357, 37, 25, 76),
(1358, 37, 26, 82),
(1359, 37, 27, 87),
(1360, 37, 28, 93),
(1361, 37, 29, 93),
(1362, 37, 30, 94),
(1363, 37, 31, 94),
(1364, 37, 32, 85),
(1365, 37, 33, 75),
(1366, 37, 34, 90),
(1367, 37, 35, 83),
(1368, 37, 36, 80),
(1369, 37, 37, 91),
(1370, 38, 1, 89),
(1371, 38, 2, 85),
(1372, 38, 3, 83),
(1373, 38, 4, 89),
(1374, 38, 5, 89),
(1375, 38, 6, 80),
(1376, 38, 7, 81),
(1377, 38, 8, 86),
(1378, 38, 9, 88),
(1379, 38, 10, 77),
(1380, 38, 11, 81),
(1381, 38, 12, 94),
(1382, 38, 13, 93),
(1383, 38, 14, 78),
(1384, 38, 15, 80),
(1385, 38, 16, 79),
(1386, 38, 17, 94),
(1387, 38, 18, 76),
(1388, 38, 19, 94),
(1389, 38, 20, 92),
(1390, 38, 21, 81),
(1391, 38, 22, 81),
(1392, 38, 23, 81),
(1393, 38, 24, 78),
(1394, 38, 25, 77),
(1395, 38, 26, 77),
(1396, 38, 27, 89),
(1397, 38, 28, 78),
(1398, 38, 29, 89),
(1399, 38, 30, 87),
(1400, 38, 31, 78),
(1401, 38, 32, 81),
(1402, 38, 33, 82),
(1403, 38, 34, 78),
(1404, 38, 35, 85),
(1405, 38, 36, 84),
(1406, 38, 37, 85),
(1407, 39, 1, 93),
(1408, 39, 2, 79),
(1409, 39, 3, 90),
(1410, 39, 4, 79),
(1411, 39, 5, 81),
(1412, 39, 6, 83),
(1413, 39, 7, 87),
(1414, 39, 8, 82),
(1415, 39, 9, 92),
(1416, 39, 10, 80),
(1417, 39, 11, 76),
(1418, 39, 12, 78),
(1419, 39, 13, 75),
(1420, 39, 14, 82),
(1421, 39, 15, 76),
(1422, 39, 16, 89),
(1423, 39, 17, 93),
(1424, 39, 18, 75),
(1425, 39, 19, 83),
(1426, 39, 20, 87),
(1427, 39, 21, 85),
(1428, 39, 22, 88),
(1429, 39, 23, 83),
(1430, 39, 24, 91),
(1431, 39, 25, 78),
(1432, 39, 26, 91),
(1433, 39, 27, 80),
(1434, 39, 28, 93),
(1435, 39, 29, 89),
(1436, 39, 30, 75),
(1437, 39, 31, 93),
(1438, 39, 32, 81),
(1439, 39, 33, 86),
(1440, 39, 34, 95),
(1441, 39, 35, 94),
(1442, 39, 36, 83),
(1443, 39, 37, 88),
(1444, 40, 12, 80),
(1445, 40, 13, 50),
(1446, 40, 14, 100),
(1447, 40, 15, 80),
(1448, 40, 16, 100),
(1449, 40, 17, 90),
(1450, 40, 18, 100),
(1451, 40, 19, 100),
(1452, 40, 20, 90),
(1453, 40, 21, 100),
(1454, 40, 22, 25),
(1455, 40, 23, 90),
(1456, 40, 24, 100),
(1457, 45, 1, 70),
(1458, 45, 2, 80),
(1459, 45, 3, 90),
(1460, 45, 4, 80),
(1461, 45, 5, 80),
(1462, 45, 6, 70),
(1463, 45, 7, 80),
(1464, 45, 8, 80),
(1465, 45, 9, 90),
(1466, 45, 10, 90),
(1467, 45, 11, 90);

-- --------------------------------------------------------

--
-- Table structure for table `password_resets`
--

CREATE TABLE `password_resets` (
  `email` varchar(191) COLLATE utf8mb4_unicode_ci NOT NULL,
  `token` varchar(191) COLLATE utf8mb4_unicode_ci NOT NULL,
  `created_at` timestamp NULL DEFAULT NULL
) ENGINE=MyISAM DEFAULT CHARSET=utf8mb4 COLLATE=utf8mb4_unicode_ci;

-- --------------------------------------------------------

--
-- Table structure for table `peserta`
--

CREATE TABLE `peserta` (
  `id` int(10) UNSIGNED NOT NULL,
  `user_id` int(10) UNSIGNED NOT NULL,
  `nama` varchar(45) COLLATE utf8mb4_unicode_ci NOT NULL,
  `tempat_lahir` varchar(20) COLLATE utf8mb4_unicode_ci DEFAULT NULL,
  `tanggal_lahir` date DEFAULT NULL,
  `gender` enum('L','P') COLLATE utf8mb4_unicode_ci NOT NULL,
  `nohp` varchar(15) COLLATE utf8mb4_unicode_ci DEFAULT NULL,
  `alamat` varchar(191) COLLATE utf8mb4_unicode_ci DEFAULT NULL,
  `created_at` timestamp NULL DEFAULT NULL,
  `updated_at` timestamp NULL DEFAULT NULL
) ENGINE=MyISAM DEFAULT CHARSET=utf8mb4 COLLATE=utf8mb4_unicode_ci;

--
-- Dumping data for table `peserta`
--

INSERT INTO `peserta` (`id`, `user_id`, `nama`, `tempat_lahir`, `tanggal_lahir`, `gender`, `nohp`, `alamat`, `created_at`, `updated_at`) VALUES
(60351019, 8, 'Melitina', 'Langsa', '2003-05-05', 'P', '082251473136', 'Batoh', '2019-10-06 17:00:00', '2021-06-14 18:13:54'),
(60361019, 9, 'Rizaldi', 'Aceh', '1995-11-14', 'L', '081258275002', 'Darussalam', '2019-10-09 17:00:00', '2021-06-11 12:35:19'),
(60371019, 10, 'Hilwa', 'Aceh', '2001-10-04', 'P', '082158155530', 'Setui', '2019-10-10 17:00:00', '2021-06-11 12:35:48'),
(60381019, 11, 'Yeni', 'Aceh', '1997-08-15', 'P', '08126375160', 'Darussalam', '2019-10-12 17:00:00', '2021-06-11 12:36:13'),
(60391019, 12, 'Aqiilah', 'Langsa', '2001-07-16', 'P', '087780998145', 'Peunayong', '2019-10-14 17:00:00', '2021-06-11 12:36:42'),
(60401019, 13, 'Ardiansyah', 'Lhoksemauwe', '1969-05-02', 'L', '085252610766', 'Lingke', '2019-10-09 17:00:00', '2021-06-11 12:37:07'),
(60411019, 14, 'Heri', 'Aceh', '1977-12-08', 'L', '081349535133', 'Darussalam', '2019-10-10 17:00:00', '2021-06-11 12:37:34'),
(60421019, 15, 'Ika', 'Langsa', '2000-06-10', 'P', '081350978579', 'Batoh', '2019-10-10 17:00:00', '2021-06-11 12:37:55'),
(60431019, 16, 'Putri', 'Meulaboh', '1998-03-08', 'L', '082149086293', 'Simpang Surabaya', '2019-10-10 17:00:00', '2021-06-11 12:38:31'),
(60441019, 17, 'Rizal', 'Aceh', '1996-05-28', 'L', '082158075071', 'Lamprit', '2019-10-11 17:00:00', '2021-06-11 12:38:50'),
(60451019, 18, 'Kasim', 'Langsa', '1997-10-22', 'L', '081349496141', 'Lingke', '2019-10-11 17:00:00', '2021-06-11 12:39:17'),
(60461019, 19, 'Amara', 'Meulaboh', '2001-02-17', 'P', '081254799690', 'Lamprit', '2019-10-11 17:00:00', '2021-06-11 12:39:57'),
(60471019, 20, 'Adhitya', 'Lhoksemauwe', '2002-11-06', 'L', '081346247620', 'Lamgugob', '2019-09-30 17:00:00', '2021-06-11 12:40:29'),
(60481019, 21, 'Selin', 'Aceh', '2003-07-31', 'P', '085820252596', 'Lamnyong', '2019-10-13 17:00:00', '2021-06-11 12:41:13'),
(60491019, 22, 'Mufrizal', 'Langsa', '2000-08-12', 'L', '085249450005', 'Darussalam', '2019-10-15 17:00:00', '2021-06-11 12:41:40'),
(60501019, 23, 'Anna', 'Aceh', '1995-03-31', 'P', '085248448325', 'Lamgugob', '2019-10-15 17:00:00', '2021-06-11 12:42:13'),
(60511019, 24, 'Alex', 'Meulaboh', '1974-01-24', 'L', '081347446718', 'Peunayong', '2019-10-16 17:00:00', '2021-06-11 12:42:43'),
(60521019, 25, 'Setiawan', 'Langsa', '2002-10-17', 'L', '081347313001', 'Setui', '2019-10-12 17:00:00', '2021-06-11 12:43:23'),
(60531019, 26, 'Ikrimah', 'Samarinda', '1990-07-10', 'L', '081349345216', 'Rukoh', '2019-10-16 17:00:00', '2021-06-11 12:43:52'),
(60541019, 27, 'Sukidi', 'Langsa', '1965-06-05', 'L', '082158155530', 'Rukoh', '2019-10-16 17:00:00', '2021-06-11 12:44:14'),
(60551019, 28, 'zaidan', 'Aceh', '2002-10-29', 'L', '082154021771', 'Lamnyong', '2019-10-16 17:00:00', '2021-06-11 12:44:41'),
(60561019, 29, 'Revalina', 'Meulaboh', '2004-12-26', 'P', '085246872875', 'Batoh', '2019-10-17 17:00:00', '2021-06-11 12:45:04'),
(60571019, 30, 'Novia', 'Langsa', '2011-11-26', 'P', '085246872875', 'Setui', '2019-10-17 17:00:00', '2021-06-11 12:45:24'),
(60581019, 31, 'Achmad', 'Aceh', '1996-02-25', 'L', '081347442433', 'Darussalam', '2019-10-17 17:00:00', '2021-06-11 12:45:52'),
(60591019, 32, 'Aulia', 'Balikpapan', '1999-06-25', 'L', '085250799626', 'Darussalam', '2019-10-18 17:00:00', '2021-06-11 12:46:18'),
(60601019, 33, 'Wilmar', 'Samarinda', '1993-07-05', 'L', '081253721449', 'Peunayong', '2019-10-18 17:00:00', '2021-06-11 12:46:45'),
(60611019, 34, 'Rafi', 'Bandung', '2002-11-26', 'L', '082149694438', 'Darussalam', '2019-10-19 17:00:00', '2021-06-11 12:47:03'),
(60621019, 35, 'Asep', 'Jakarta', '1999-01-15', 'L', '082253673780', 'Rukoh', '2019-10-20 17:00:00', '2021-06-11 12:47:30'),
(60631019, 36, 'Vanestasya', 'Jakarta', '2002-01-07', 'P', '081347275893', 'Batoh', '2019-10-23 17:00:00', '2021-06-11 12:47:51'),
(60641019, 37, 'Ema', 'Jakarta', '1981-07-18', 'P', '08115973434', 'Darussalam', '2019-10-23 17:00:00', '2021-06-11 12:48:10'),
(60651019, 38, 'Andi', 'Solo', '1986-05-21', 'L', '082155766680', 'Batoh', '2019-10-23 17:00:00', '2021-06-11 12:48:35'),
(60661019, 39, 'Hidayatullah', 'Gorontalo', '1996-06-08', 'L', '085820252596', 'Darussalam', '2019-10-21 17:00:00', '2021-06-11 12:49:03'),
(60671019, 40, 'Ardi', 'Surabaya', '1982-01-14', 'L', '081350342322', 'Setui', '2019-10-25 17:00:00', '2021-06-11 12:49:47'),
(60681019, 41, 'Deny', 'Samarinda', '1995-05-20', 'L', '087816195531', 'Darussalam', '2019-10-17 17:00:00', '2021-06-11 12:50:03'),
(60691019, 42, 'Awang', 'Bali', '1999-08-24', 'L', '081350666262', 'Batoh', '2019-10-23 17:00:00', '2021-06-11 12:50:25'),
(60746215, 47, 'Hakim', 'Jakarta', '2002-01-02', 'L', '081367543211', 'Darussalam', '2021-06-11 12:52:54', '2021-06-11 12:52:54'),
(60701019, 43, 'Fathur', 'Bekasi', '1995-10-26', 'L', '085386435084', 'Darussalam', '2019-10-24 17:00:00', '2021-06-11 12:50:46'),
(60711019, 44, 'Sultan', 'Samarinda', '2002-03-28', 'L', '081258123277', 'Darussalam', '2019-10-27 17:00:00', '2021-06-11 12:51:04'),
(60721019, 45, 'Sumijan', 'Jakarta', '1998-06-10', 'L', '082351873674', 'Rukoh', '2019-10-28 17:00:00', '2021-06-11 12:51:31'),
(60731019, 46, 'Ayers', 'New York', '1999-10-20', 'L', '089690320543', 'Peunayong', '2019-10-28 17:00:00', '2021-06-11 12:51:52');

-- --------------------------------------------------------

--
-- Table structure for table `program`
--

CREATE TABLE `program` (
  `id` int(10) UNSIGNED NOT NULL,
  `program` varchar(65) COLLATE utf8mb4_unicode_ci NOT NULL,
  `lama` int(11) NOT NULL,
  `keterangan` varchar(191) COLLATE utf8mb4_unicode_ci NOT NULL
) ENGINE=MyISAM DEFAULT CHARSET=utf8mb4 COLLATE=utf8mb4_unicode_ci;

--
-- Dumping data for table `program`
--

INSERT INTO `program` (`id`, `program`, `lama`, `keterangan`) VALUES
(1, 'Microsoft Word', 10, 'Program Kursus yang ditujukan untuk mahir dalam penggunaan perangkat lunak Microsoft Word.'),
(2, 'Microsoft Excel', 10, 'Program Kursus yang ditujukan untuk mahir dalam penggunaan perangkat lunak Microsoft Excel.'),
(3, 'Microsoft Powerpoint', 10, 'Program Kursus yang ditujukan untuk mahir dalam penggunaan perangkat lunak Microsoft Powerpoint.'),
(4, 'Mengemudi Mobil', 10, 'Program Kursus yang ditujukan untuk mahir dalam Mengemudi Mobil.'),
(5, 'Desain Grafis', 10, 'Program Kursus yang ditujukan untuk mahir dalam Desain Grafis.');

-- --------------------------------------------------------

--
-- Table structure for table `sertifikat`
--

CREATE TABLE `sertifikat` (
  `id` int(10) UNSIGNED NOT NULL,
  `no_sertifikat` varchar(20) COLLATE utf8mb4_unicode_ci NOT NULL,
  `kursus_id` int(10) UNSIGNED NOT NULL,
  `nilai_akhir` int(11) NOT NULL,
  `created_at` timestamp NULL DEFAULT NULL,
  `updated_at` timestamp NULL DEFAULT NULL
) ENGINE=MyISAM DEFAULT CHARSET=utf8mb4 COLLATE=utf8mb4_unicode_ci;

--
-- Dumping data for table `sertifikat`
--

INSERT INTO `sertifikat` (`id`, `no_sertifikat`, `kursus_id`, `nilai_akhir`, `created_at`, `updated_at`) VALUES
(41, '1/K.MS/VI/2021', 45, 61, '2021-06-14 18:17:00', '2021-06-14 18:17:00');

-- --------------------------------------------------------

--
-- Table structure for table `users`
--

CREATE TABLE `users` (
  `id` int(10) UNSIGNED NOT NULL,
  `username` varchar(191) COLLATE utf8mb4_unicode_ci NOT NULL,
  `email` varchar(191) COLLATE utf8mb4_unicode_ci NOT NULL,
  `password` varchar(191) COLLATE utf8mb4_unicode_ci NOT NULL,
  `role` enum('peserta','admin','instruktur','kepala') COLLATE utf8mb4_unicode_ci NOT NULL DEFAULT 'peserta',
  `remember_token` varchar(100) COLLATE utf8mb4_unicode_ci DEFAULT NULL,
  `created_at` timestamp NULL DEFAULT NULL,
  `updated_at` timestamp NULL DEFAULT NULL
) ENGINE=MyISAM DEFAULT CHARSET=utf8mb4 COLLATE=utf8mb4_unicode_ci;

--
-- Dumping data for table `users`
--

INSERT INTO `users` (`id`, `username`, `email`, `password`, `role`, `remember_token`, `created_at`, `updated_at`) VALUES
(1, 'Admin', 'admin@gmail.com', '$2y$10$3RRTUsJ8RwJ3aYqqcGyP6.B55tumGGsh2MZJE20knBboJrjgpaXaG', 'admin', NULL, '2020-01-06 23:28:32', '2021-06-09 21:17:58'),
(2, 'Luthfi', 'lutfihaniffm@gmail.com', '$2y$10$To3koCd8hGPaPFK0JYpmjeAF65PXDue3XrAbs34zqPFxo9xtaoKwe', 'instruktur', 'jERVye3p3e7GuwTVwJGvYq2HuLwrmuJdKYIozP6hVGiFBwgTxDqseTlm9EzZ', '2020-01-06 23:28:32', '2021-06-09 21:16:42'),
(3, 'Intan', 'intan@gmail.com', '$2y$10$QF/3.TitJNFVxUYdMFbf6uFB4QmcDkOmjSTR2jBTfspqnbq/IQwd.', 'instruktur', '8yhJV3yBCW', '2020-01-06 23:28:32', '2021-06-09 21:17:34'),
(4, 'Amalia', 'amalia@gmail.com', '$2y$10$XEJTRtJn5NWBYdPUii37RuTQccQmHAW1vgEeFlVBt0/rUVEwEZ5dG', 'instruktur', 'iSEsFQpsfX', '2020-01-06 23:28:32', '2021-06-09 21:19:16'),
(5, 'Yani', 'yani@gmail.com', '$2y$10$36cCHebv6he7KWKgubvko.XQY2GzCUjC0Qs..C9jewqtfo49a8YNe', 'instruktur', 'lGae0DdHsu', '2020-01-06 23:28:32', '2021-06-09 21:20:23'),
(6, 'Nanda', 'nanda@gmail.com', '$2y$10$15Bj8rLDwHrctW7.zxuGSetXssRk3Yci5jYoYmW6X2FEfk748JpsO', 'instruktur', '668SJzf0f9', '2020-01-06 23:28:32', '2021-06-09 21:22:51'),
(7, 'Gusion', 'gusion@gmail.com', '$2y$10$qhPDPa.c3w/m.qQQYP26dOZX0TPUs.qxKjOCp9RuCCvI3axE97GdW', 'instruktur', 'B2vzKeNGEg0OZ2Vl4XGv2TSnOrASoshUcicD6vYVeDTmgviJizNfYjmbVN4i', '2020-01-06 23:28:32', '2021-06-09 21:22:29'),
(8, 'FOyCfzqmKD', 'Melitina@gmail.com', '$2y$10$RGpeUB9v4Kg5WFYpvQ4v9OouHm7LzyzRQKmIhq553KGbV1YV0C2X.', 'peserta', 'APK375xHSo', '2020-01-06 23:28:32', '2021-06-11 12:34:37'),
(9, 'tRzoMl6i83', 'Rizaldi@gmail.com', '$2y$10$tcCVWVYp8RE8eOTB.LrQ/.NUikNkouZOnsdpudz52/ZOt9yTdD3Ly', 'peserta', 'OZYSV3uX17', '2020-01-06 23:28:32', '2021-06-11 12:35:19'),
(10, '6KSDi8PRDJ', 'Hilwa@gmail.com', '$2y$10$CcecPYBcZRhYF9K3Z2kFoOAELgPe2RsZZDERZj3YZTc8MxdUSJmQO', 'peserta', 'pdCa75paEM', '2020-01-06 23:28:32', '2021-06-11 12:35:48'),
(11, 'EN7SzcMCNI', 'Yeni@gmail.com', '$2y$10$Yt6fTlb4/H4j3GneDLvmSeG4R7wSAPz0yzyJ8TME3ABS8AxekxXce', 'peserta', 'O2cVhfOAtB', '2020-01-06 23:28:32', '2021-06-11 12:36:13'),
(12, '3VcDuPUyEO', 'Aqiilah@gmail.com', '$2y$10$y9Q1qEjHLTWltBG5jWHcJuR/TWRTlBs7TZVZWRKwq6AHh3XD5Ag5S', 'peserta', 'O0MDtBPR6v', '2020-01-06 23:28:32', '2021-06-11 12:36:42'),
(13, 'F23M5sC0ZF', 'Ardiansyah@gmail.com', '$2y$10$smHLarUtfKyIEu3TH5M89OM8.yJe/.L6iP8NJdfBMqptnYT5VVd/K', 'peserta', 'oHp7sICix2', '2020-01-06 23:28:32', '2021-06-11 12:37:07'),
(14, 'JXaxCU9zEO', 'Heri@gmail.com', '$2y$10$7pxOkziBO/Js3AnsBnLgu.XVywphD7IheBpSngqbq3NB2erSIcEV.', 'peserta', 'LaOhpbK4vd', '2020-01-06 23:28:32', '2021-06-11 12:37:34'),
(15, '1myiWV5bIa', 'Ika@gmail.com', '$2y$10$QhmtuJAjudot3J/oAy.bw.oI..JUw92QdlgiNMUm7K2MH/q7ePKvu', 'peserta', 'xliwiOwzRB', '2020-01-06 23:28:32', '2021-06-11 12:37:55'),
(16, 'O7rzzCm0Wx', 'Putri@gmail.com', '$2y$10$KOh8C87zxCehOzW/LphoPuPXNVUe4cjo7RZncibPrmJ9x4QUXql72', 'peserta', 'vs8bXeiHfJ', '2020-01-06 23:28:32', '2021-06-11 12:38:31'),
(17, '0x0OW7aZCT', 'Rizal@gmail.com', '$2y$10$cSHgSjwKl8aNszb41TWQWeft5ewqhO9zlYI8ssTSYquVMyRVimrqO', 'peserta', 'eTDxc6DIaU', '2020-01-06 23:28:32', '2021-06-11 12:38:50'),
(18, 'nvp7CpODnS', 'Kasim@gmail.com', '$2y$10$OpuEYT1vogZjCaB42PBU0.Bpq4bctYgO/A6VB.4oXhVyoqtm5ZNIu', 'peserta', 'sKj5psoVNB', '2020-01-06 23:28:32', '2021-06-11 12:39:17'),
(19, 'MzYvgoAsWu', 'Amara@gmail.com', '$2y$10$MBXieNieY6kc1YJqqLcjyOgLTdJkJWvHcXC5ggqmOS6pOA8RSbhCq', 'peserta', 'SPVbPwFwzw', '2020-01-06 23:28:32', '2021-06-11 12:39:57'),
(20, 'ce59QY4zvc', 'Adhitya@gmail.com', '$2y$10$v0lz4m7pqbFmfwSnlc8I0OXDLXsVQ6jg2XKGWAE2hAv4f.WPHRRsW', 'peserta', 'ZWuYc1vsli', '2020-01-06 23:28:33', '2021-06-11 12:40:29'),
(21, 'm5I4pfKBIH', 'Selin@gmail.com', '$2y$10$IFzWdDCbJT1E8oM/zShLd.vYkdVxb7rkeytVdw1SPn2nDtEPOsymG', 'peserta', 'hGbeJCJyqJ', '2020-01-06 23:28:33', '2021-06-11 12:41:13'),
(22, 'JfK7erq0ZW', 'Mufrizal@gmail.com', '$2y$10$DQgZ7cKE.GXLKOPDTfXXGe1q9UhxOvjBOnR2tX2J9VDb5r1zkL0pK', 'peserta', 'prtjYRjFMv', '2020-01-06 23:28:33', '2021-06-11 12:41:40'),
(23, 'ioNg1IPF8A', 'Anna@gmail.com', '$2y$10$hcWdKWmeIwvVC.VevEJFK.cipYesKCSb55I4ujkZaFDpDSoMYwOyy', 'peserta', '22zthZVTFU', '2020-01-06 23:28:33', '2021-06-11 12:42:13'),
(24, 'EndNcfwY6K', 'Alex@gmail.com', '$2y$10$8mGRiHoEbW6pGckiwqAbOOSHG7Q4JIlWbn7oKsh7.ZuD2ND8bAmny', 'peserta', '5NKFHoctPC', '2020-01-06 23:28:33', '2021-06-11 12:42:43'),
(25, 'TNIwk1KAQe', 'Setiawan@gmail.com', '$2y$10$S1apezdiCOYCkmAeV3B20es0v7dlOp9OHPtQdZ17AIVBGhLnH6aUK', 'peserta', 'Z17VXaMz3S', '2020-01-06 23:28:33', '2021-06-11 12:43:23'),
(26, 'KqfvAsqRlD', 'Ikrimah@gmail.com', '$2y$10$gLBj1QjuYdvOe.dceHQLteBqTyWw0Wne4on9xq.AEvZTluaxSuNQW', 'peserta', '6KakPZ8w0s', '2020-01-06 23:28:33', '2021-06-11 12:43:52'),
(27, '6pcG0F55ng', 'Sukidi@gmail.com', '$2y$10$EqJlNNJJ.1fewccmym5h2.lXV7RJU4sbTjcsFLwa54d/yi7lnHccq', 'peserta', 'lgyTWC3fqR', '2020-01-06 23:28:33', '2021-06-11 12:44:14'),
(28, 'zFTv9uD0Dz', 'zaidan@gmail.com', '$2y$10$UB2F3H9kmVkvdm4TDN6zGOJ61nu9WYNH/HAjvtGfc.mxlYa8Xgc/u', 'peserta', 'hBw7hFqMH5', '2020-01-06 23:28:33', '2021-06-11 12:44:41'),
(29, 'j4Yjwgu17V', 'Revalina@gmail.com', '$2y$10$uhqY.2lAbmmAWSpHICvA4Or2QVuOmQbEpC0Cdl5.X/8LDCXjHGuOm', 'peserta', 'gHBvQU9sLd', '2020-01-06 23:28:33', '2021-06-11 12:45:04'),
(30, 'DZbABSeBvJ', 'Novia@gmail.com', '$2y$10$FqUq38hEDK5SV.bM6uIo1.aqTTLAd329AxKgalkqe0Odj.rw4xt8m', 'peserta', 'imwxDUaamc', '2020-01-06 23:28:33', '2021-06-11 12:45:24'),
(31, 'bDAhhjMHSX', 'Achmad@gmail.com', '$2y$10$WJQaJ3RIraKtpNwP71ZXYu6ZpCYVvJXFvutzAt8U3PcOHKnWZ6Cbu', 'peserta', 's0Ke7NeK5P', '2020-01-06 23:28:33', '2021-06-11 12:45:41'),
(32, 'tn0q3Y4a8Q', 'Aulia@gmail.com', '$2y$10$5vjBQgAIc8l37JkKN3hFk.2hAvx5EGY5MraD38efjzApVXSlzQ1s6', 'peserta', 'jA88pLvmRH', '2020-01-06 23:28:33', '2021-06-11 12:46:18'),
(33, 'v2t3h0jduO', 'Wilmar@gmail.com', '$2y$10$wgVDDQFpYGq51YXsB2LveeZGVj9YZTqgxvmHWXcBofu1zs2W/g4Kq', 'peserta', 'Rr1xCosh5d', '2020-01-06 23:28:33', '2021-06-11 12:46:45'),
(34, 'SHXpzE8HHY', 'Rafi@gmail.com', '$2y$10$S4UsDdYbPD5cHvM7SfpHIuP3jCgN716ysO9qb6VxngXOAR4CY8rxu', 'peserta', 'yBJPpbg53d', '2020-01-06 23:28:33', '2021-06-11 12:47:03'),
(35, 'qDxwHoVdJI', 'Asep@gmail.com', '$2y$10$guFiQKcbEbBYIZmuXRg8..0MV2ZcBo7rqV.qGtttUzWS3DCToqtNi', 'peserta', 'mJ4Tfb5hXY', '2020-01-06 23:28:33', '2021-06-11 12:47:30'),
(36, 'wV3HI8Iz4a', 'Vanestasya@gmail.com', '$2y$10$7/r0KBqv.UU7zB8UP0bCI.dWNsaCP6iQv67FhGv/feylJjR5DmUIO', 'peserta', 'pUhbk6tufw', '2020-01-06 23:28:34', '2021-06-11 12:47:51'),
(37, 'fgWR38h51i', 'Ema@gmail.com', '$2y$10$h.qF.aMz6YatqboF3Kto0.EZaM2.sFz1IKADqxwBA9bxQHlsZqE.q', 'peserta', 'S8XmK6aQcn', '2020-01-06 23:28:34', '2021-06-11 12:48:10'),
(38, '9pk1UuROnv', 'Andi@gmail.com', '$2y$10$xb0oDPcBAH5IM3e20418UePE2vBkEeZGUtci.0EgRr4k0fEgcI4aK', 'peserta', 'dgbR9wBkxI', '2020-01-06 23:28:34', '2021-06-11 12:48:35'),
(39, 'pbujiqdKzP', 'Hidayatullah@gmail.com', '$2y$10$6u7kaT/L6IjPspW0MzcYpeBLWfMk9VWdnIJi6C4reTIXthNNw51RW', 'peserta', 'YFDl5hgtDf', '2020-01-06 23:28:34', '2021-06-11 12:49:03'),
(40, 'iYYChnwgRq', 'Ardi@gmail.com', '$2y$10$CnXVMUuHl2a1OqpGTfZsrO84GCdm03uRRMfflorEmiN7Sa4NuVaG2', 'peserta', 'SeptT1h0nm', '2020-01-06 23:28:34', '2021-06-11 12:49:47'),
(41, 'wZkQ4zT5gf', 'Deny@gmail.com', '$2y$10$wQv72qfq8JrvYVPu7JcWfu8P/UweAtSqfWFteDzupbVJ9cZCVQgXe', 'peserta', 'kZ862nH27u', '2020-01-06 23:28:34', '2021-06-11 12:50:03'),
(42, 'aEllsbdX7T', 'Awang@gmail.com', '$2y$10$d2ll1NbR9ZCGFmjTWrsLjuADH4BKmQwYLFDYsaBEmQcqbi1UFaKZ2', 'peserta', 'FZtKmSrSaB', '2020-01-06 23:28:34', '2021-06-11 12:50:25'),
(43, 'XBOVtCTYoo', 'Fathur@gmail.com', '$2y$10$0KlQT92xOsXoMoyK8KebKeWfw7Y15uchvx5BTjYs1ltQ1Ws5zHLVm', 'peserta', 'huRKbxobUu', '2020-01-06 23:28:34', '2021-06-11 12:50:46'),
(44, 'lY2p9D9mEe', 'Sultan@gmail.com', '$2y$10$QmiWfoQDcdweS6ejshT4Du7Y/VbY.Df9YsHoYfPIOHRgDyhGYtF2S', 'peserta', 'QSkvruNMjC', '2020-01-06 23:28:34', '2021-06-11 12:51:04'),
(45, '36mgM3NI8o', 'sumijan@gmail.com', '$2y$10$9dC4BaY8JIfrB.HX9Q7HMusIESjB9g6FHbOYftcGeFscHpxd/JkMa', 'peserta', 'DSIP5TtpNp', '2020-01-06 23:28:34', '2021-06-11 12:51:31'),
(46, 'iFhob56FhD', 'Ayers@gmail.com', '$2y$10$hIoC9G.YcFxfyQoPIEoUzOi6jmWADll1ue0n7QqbjWDTuzpST3SWG', 'peserta', 'DDDUTY1lBD', '2020-01-06 23:28:34', '2021-06-11 12:51:52'),
(47, 'Hakim', 'Hakim@gmail.com', '$2y$10$c0VnAR1sSXs5t3o7XiOlXO5a9tSd0JE.TsXHrBr4UzUOIJDtng8/e', 'peserta', NULL, '2021-06-11 12:52:54', '2021-06-11 12:52:54');

--
-- Indexes for dumped tables
--

--
-- Indexes for table `absensi`
--
ALTER TABLE `absensi`
  ADD PRIMARY KEY (`id`),
  ADD KEY `absensi_kursus_id_foreign` (`kursus_id`);

--
-- Indexes for table `instruktur`
--
ALTER TABLE `instruktur`
  ADD PRIMARY KEY (`id`),
  ADD UNIQUE KEY `instruktur_user_id_unique` (`user_id`);

--
-- Indexes for table `kursus`
--
ALTER TABLE `kursus`
  ADD PRIMARY KEY (`id`),
  ADD KEY `kursus_peserta_id_foreign` (`peserta_id`),
  ADD KEY `kursus_program_id_foreign` (`program_id`),
  ADD KEY `kursus_instruktur_id_foreign` (`instruktur_id`);

--
-- Indexes for table `materi`
--
ALTER TABLE `materi`
  ADD PRIMARY KEY (`id`),
  ADD KEY `materi_program_id_foreign` (`program_id`);

--
-- Indexes for table `migrations`
--
ALTER TABLE `migrations`
  ADD PRIMARY KEY (`id`);

--
-- Indexes for table `nilai`
--
ALTER TABLE `nilai`
  ADD PRIMARY KEY (`id`),
  ADD KEY `nilai_kursus_id_foreign` (`kursus_id`),
  ADD KEY `nilai_materi_id_foreign` (`materi_id`);

--
-- Indexes for table `password_resets`
--
ALTER TABLE `password_resets`
  ADD KEY `password_resets_email_index` (`email`);

--
-- Indexes for table `peserta`
--
ALTER TABLE `peserta`
  ADD UNIQUE KEY `peserta_id_unique` (`id`),
  ADD UNIQUE KEY `peserta_user_id_unique` (`user_id`);

--
-- Indexes for table `program`
--
ALTER TABLE `program`
  ADD PRIMARY KEY (`id`);

--
-- Indexes for table `sertifikat`
--
ALTER TABLE `sertifikat`
  ADD PRIMARY KEY (`id`),
  ADD KEY `sertifikat_kursus_id_foreign` (`kursus_id`);

--
-- Indexes for table `users`
--
ALTER TABLE `users`
  ADD PRIMARY KEY (`id`),
  ADD UNIQUE KEY `users_email_unique` (`email`);

--
-- AUTO_INCREMENT for dumped tables
--

--
-- AUTO_INCREMENT for table `absensi`
--
ALTER TABLE `absensi`
  MODIFY `id` int(10) UNSIGNED NOT NULL AUTO_INCREMENT, AUTO_INCREMENT=393;

--
-- AUTO_INCREMENT for table `instruktur`
--
ALTER TABLE `instruktur`
  MODIFY `id` int(10) UNSIGNED NOT NULL AUTO_INCREMENT, AUTO_INCREMENT=7;

--
-- AUTO_INCREMENT for table `kursus`
--
ALTER TABLE `kursus`
  MODIFY `id` int(10) UNSIGNED NOT NULL AUTO_INCREMENT, AUTO_INCREMENT=46;

--
-- AUTO_INCREMENT for table `materi`
--
ALTER TABLE `materi`
  MODIFY `id` int(10) UNSIGNED NOT NULL AUTO_INCREMENT, AUTO_INCREMENT=39;

--
-- AUTO_INCREMENT for table `migrations`
--
ALTER TABLE `migrations`
  MODIFY `id` int(10) UNSIGNED NOT NULL AUTO_INCREMENT, AUTO_INCREMENT=11;

--
-- AUTO_INCREMENT for table `nilai`
--
ALTER TABLE `nilai`
  MODIFY `id` int(10) UNSIGNED NOT NULL AUTO_INCREMENT, AUTO_INCREMENT=1468;

--
-- AUTO_INCREMENT for table `program`
--
ALTER TABLE `program`
  MODIFY `id` int(10) UNSIGNED NOT NULL AUTO_INCREMENT, AUTO_INCREMENT=6;

--
-- AUTO_INCREMENT for table `sertifikat`
--
ALTER TABLE `sertifikat`
  MODIFY `id` int(10) UNSIGNED NOT NULL AUTO_INCREMENT, AUTO_INCREMENT=42;

--
-- AUTO_INCREMENT for table `users`
--
ALTER TABLE `users`
  MODIFY `id` int(10) UNSIGNED NOT NULL AUTO_INCREMENT, AUTO_INCREMENT=48;
COMMIT;

/*!40101 SET CHARACTER_SET_CLIENT=@OLD_CHARACTER_SET_CLIENT */;
/*!40101 SET CHARACTER_SET_RESULTS=@OLD_CHARACTER_SET_RESULTS */;
/*!40101 SET COLLATION_CONNECTION=@OLD_COLLATION_CONNECTION */;
